comment,Other,V1 Hardware,General Positive,Catalog,Lighting,Shipping,Dock,Comunicate,Improve OS,Improve SDK,Color,Repair,Season,Sideloading
Thank you for creating a wonderful device that attracts so many cool people.,0.0,0.0,1.0,0.0,0.0,0.0,0.0,0.0,0.0,0.0,0.0,0.0,0.0,0.0
they have got to make a little clip on light for playing at night,1.0,0.0,0.0,0.0,1.0,0.0,0.0,0.0,0.0,0.0,0.0,0.0,0.0,0.0
I love you,0.0,0.0,1.0,0.0,0.0,0.0,0.0,0.0,0.0,0.0,0.0,0.0,0.0,0.0
Bring back Transmit for iOS.,1.0,0.0,0.0,0.0,0.0,0.0,0.0,0.0,0.0,0.0,0.0,0.0,0.0,0.0
catalog should be a top priority so we can get updates easily,0.0,0.0,0.0,1.0,0.0,0.0,0.0,0.0,0.0,0.0,0.0,0.0,0.0,0.0
"Love the console, but yeah v2 needs a backlight",0.0,0.0,0.0,0.0,1.0,0.0,0.0,0.0,0.0,0.0,0.0,0.0,0.0,0.0
I love you guys,0.0,0.0,1.0,0.0,0.0,0.0,0.0,0.0,0.0,0.0,0.0,0.0,0.0,0.0
If you need a React/Wordpress/Web developer also dabbling in Playdate hit me up.,1.0,0.0,0.0,0.0,0.0,0.0,0.0,0.0,0.0,0.0,0.0,0.0,0.0,0.0
"Please send me my play date, itâ€™s been a year almost since Iâ€™ve pre order! ;)
Keep doing outside of the box games/experiments! ",0.0,0.0,1.0,0.0,0.0,1.0,0.0,0.0,0.0,0.0,0.0,0.0,0.0,0.0
You guys are cool in my book. Keep being cool.,0.0,0.0,1.0,0.0,0.0,0.0,0.0,0.0,0.0,0.0,0.0,0.0,0.0,0.0
Iâ€™m surprised the battery life is so short for an e ink display. ,0.0,1.0,0.0,0.0,0.0,0.0,0.0,0.0,0.0,0.0,0.0,0.0,0.0,0.0
Thanks for bringing some much needed joy to the game world!,0.0,0.0,1.0,0.0,0.0,0.0,0.0,0.0,0.0,0.0,0.0,0.0,0.0,0.0
Radio dock when,0.0,0.0,0.0,0.0,0.0,0.0,1.0,0.0,0.0,0.0,0.0,0.0,0.0,0.0
"I'm super happy with the PD, and I am super excited for the app store.",0.0,0.0,1.0,1.0,0.0,0.0,0.0,0.0,0.0,0.0,0.0,0.0,0.0,0.0
More of the same!  It's been a great ride so far!,0.0,0.0,1.0,0.0,0.0,0.0,0.0,0.0,0.0,0.0,0.0,0.0,0.0,0.0
More quirky accessories!,1.0,0.0,0.0,0.0,0.0,0.0,0.0,0.0,0.0,0.0,0.0,0.0,0.0,0.0
Keep up the great work!,0.0,0.0,1.0,0.0,0.0,0.0,0.0,0.0,0.0,0.0,0.0,0.0,0.0,0.0
Rooting for you! ,0.0,0.0,1.0,0.0,0.0,0.0,0.0,0.0,0.0,0.0,0.0,0.0,0.0,0.0
I think your work is fantastic and I can't wait to eventually get my hands on it.,0.0,0.0,1.0,0.0,0.0,0.0,0.0,0.0,0.0,0.0,0.0,0.0,0.0,0.0
<3,0.0,0.0,1.0,0.0,0.0,0.0,0.0,0.0,0.0,0.0,0.0,0.0,0.0,0.0
"Love what you guys are going, keep it up! My only Playdate wishlist items is a backlight, or edge lighting...I'm guessing you can't backlight that stock screen, but maybe Sharp can work on a custom one for you if you're gonna order MILLIONS",0.0,0.0,1.0,0.0,1.0,0.0,0.0,0.0,0.0,0.0,0.0,0.0,0.0,0.0
<3,0.0,0.0,1.0,0.0,0.0,0.0,0.0,0.0,0.0,0.0,0.0,0.0,0.0,0.0
"Panic, ya'll are awesome. Special props to Neven for putting up with the griping from the community the last couple of years <3",1.0,0.0,1.0,0.0,0.0,0.0,0.0,0.0,0.0,0.0,0.0,0.0,0.0,0.0
"Great job, y'all. This is seriously fun to play with.",0.0,0.0,1.0,0.0,0.0,0.0,0.0,0.0,0.0,0.0,0.0,0.0,0.0,0.0
Curate and recommend additional games outside the seasons. ,0.0,0.0,0.0,1.0,0.0,0.0,0.0,0.0,0.0,0.0,0.0,0.0,0.0,0.0
"I think Panic could stand to provide more updates and communicate more often. Most of the updates I got during the process was through the discord community. I understand not wanting to give too many updates to cause more speculation or commotion, but I think there is a middle ground between too much communication and next to none.",0.0,0.0,0.0,0.0,0.0,0.0,0.0,1.0,0.0,0.0,0.0,0.0,0.0,0.0
Bring on some strong game devs for some rocking puzzle platformer games,1.0,0.0,0.0,0.0,0.0,0.0,0.0,0.0,0.0,0.0,0.0,0.0,0.0,0.0
You knocked it out of the park,0.0,0.0,1.0,0.0,0.0,0.0,0.0,0.0,0.0,0.0,0.0,0.0,0.0,0.0
"Thanks for taking a risk with the Playdate, it has been a great experience so far!",0.0,0.0,1.0,0.0,0.0,0.0,0.0,0.0,0.0,0.0,0.0,0.0,0.0,0.0
Thanks for all your efforts!,0.0,0.0,1.0,0.0,0.0,0.0,0.0,0.0,0.0,0.0,0.0,0.0,0.0,0.0
Love it! More games,0.0,0.0,1.0,0.0,0.0,0.0,0.0,0.0,0.0,0.0,0.0,0.0,0.0,0.0
"Yâ€™all are doing amazing for your first console, keep it up, but maybe be a little more discerning with what games end up on the next season or storefront.",0.0,0.0,1.0,1.0,0.0,0.0,0.0,0.0,0.0,0.0,0.0,0.0,1.0,0.0
"You absolutely need to do something about the home screen. Organization into folders, much easier access to deleting games (press B to pop up an Options menu?). 

Also please please please make a command-line program that just pushes a pdx to the device. Loading into the simulator when you're debugging crashes that are device-only is a huge headache. It would also help with CI and build pipelines.",0.0,0.0,0.0,0.0,0.0,0.0,0.0,0.0,1.0,1.0,0.0,0.0,0.0,0.0
Please take my money.,1.0,0.0,1.0,0.0,0.0,0.0,0.0,0.0,0.0,0.0,0.0,0.0,0.0,0.0
"Y'all have done an amazing job making something that I really love, and that helps me make things that I hope other people will love. I really appreciate the degree of excellence that you have achieved in executing on not only the production of the physical device, but all of the structures that support it as well, including things that are almost never done right like communication and community support. Keep up the good work!",0.0,0.0,1.0,0.0,0.0,0.0,0.0,1.0,0.0,0.0,0.0,0.0,0.0,0.0
Ship to all groups :),0.0,0.0,0.0,0.0,0.0,1.0,0.0,0.0,0.0,0.0,0.0,0.0,0.0,0.0
I love you. â¤ï¸ ,1.0,0.0,1.0,0.0,0.0,0.0,0.0,0.0,0.0,0.0,0.0,0.0,0.0,0.0
"Great job!!! I would very much like an official glass screen protector, but that's really it. You guys are killing it",1.0,0.0,1.0,0.0,0.0,0.0,0.0,0.0,0.0,0.0,0.0,0.0,0.0,0.0
Keep at it!,0.0,0.0,1.0,0.0,0.0,0.0,0.0,0.0,0.0,0.0,0.0,0.0,0.0,0.0
Send me my console,0.0,0.0,0.0,0.0,0.0,1.0,0.0,0.0,0.0,0.0,0.0,0.0,0.0,0.0
"Thank you for a really fun time. Itâ€™s much different from my Switch and other games and itâ€™s exactly what I wanted. Not going to lie - I wish I had a backlight, but itâ€™s a minor complaint.",0.0,0.0,1.0,0.0,1.0,0.0,0.0,0.0,0.0,0.0,0.0,0.0,0.0,0.0
Donâ€™t give in to the haters! Iâ€™m so glad that I believed in you guys - Playdate is exactly what I thought itâ€™d be and I canâ€™t wait for it to grow.,0.0,0.0,1.0,0.0,0.0,0.0,0.0,0.0,0.0,0.0,0.0,0.0,0.0,0.0
Better communication with the public and more frequent updates.,0.0,0.0,0.0,0.0,0.0,0.0,0.0,1.0,0.0,0.0,0.0,0.0,0.0,0.0
"I like the hardware quite a bit and I really enjoy the ease of publishing to the platform via sideloading, but without a season 2 (or the potential of season 2 lacking any top tier developer talent, based on a previous question) has me feeling a bit regretful of my purchase. I truly hope that Panic is able to take the enthusiasm and early sales of the Playdate to raise some investment that could fund further development on the platform.",0.0,0.0,0.0,1.0,0.0,0.0,0.0,0.0,0.0,0.0,0.0,0.0,1.0,1.0
This thing is incredible. I do wish I had a backlight (or some way to play in odd lighting situations),0.0,0.0,1.0,1.0,0.0,0.0,0.0,0.0,0.0,0.0,0.0,0.0,0.0,0.0
"Keep on truckin, mah dudes.",0.0,0.0,1.0,0.0,0.0,0.0,0.0,0.0,0.0,0.0,0.0,0.0,0.0,0.0
You guys made an amazing product!! Congrats and keep on crushing it,0.0,0.0,1.0,0.0,0.0,0.0,0.0,0.0,0.0,0.0,0.0,0.0,0.0,0.0
I really love Playdate. It can be hard to hold for more than a short time but it's fun and ideal for short breaks.,0.0,1.0,1.0,0.0,0.0,0.0,0.0,0.0,0.0,0.0,0.0,0.0,0.0,0.0
You should make exactly one purple PlayDate.,1.0,0.0,0.0,0.0,0.0,0.0,0.0,0.0,0.0,0.0,1.0,0.0,0.0,0.0
You guys rock!,0.0,0.0,1.0,0.0,0.0,0.0,0.0,0.0,0.0,0.0,0.0,0.0,0.0,0.0
"I wish there could be an official messaging system for the Playdate, if there is enough demand for it. Or at least provide the online API features in order to make developing one possible.

I've made a mock-up for one a while back: https://www.reddit.com/r/PlaydateConsole/comments/uc0gls/playdate_message_system_mockup/?utm_source=share&utm_medium=web2x&context=3",0.0,0.0,0.0,0.0,0.0,0.0,0.0,1.0,1.0,1.0,0.0,0.0,0.0,0.0
The season thing is sorta a dick move for those that couldnâ€™t get away to preorder and now have to wait. ,0.0,0.0,0.0,1.0,0.0,0.0,0.0,0.0,0.0,0.0,0.0,0.0,0.0,0.0
Keep doing you. You guys rock!,0.0,0.0,1.0,0.0,0.0,0.0,0.0,0.0,0.0,0.0,0.0,0.0,0.0,0.0
"The ONE thing Playdate needs is a backlight. Otherwise I have no other complaints. If there is a Playdate 2, I will NOT buy it if it doesnâ€™t have backlight",0.0,0.0,0.0,0.0,1.0,0.0,0.0,0.0,0.0,0.0,0.0,0.0,0.0,0.0
"Great idea, great console, only wish the build quality was a little more durable. Key up the awesome work!",0.0,1.0,1.0,0.0,0.0,0.0,0.0,0.0,0.0,0.0,0.0,0.0,0.0,0.0
I love the product and I am excited for the future. ,0.0,0.0,1.0,0.0,0.0,0.0,0.0,0.0,0.0,0.0,0.0,0.0,0.0,0.0
"If a revision ever comes out, expandable storage would be nice- maybe a psudo cartrige you can fit microSDs into would be fun? ",0.0,1.0,0.0,0.0,0.0,0.0,0.0,0.0,0.0,0.0,0.0,0.0,0.0,0.0
Keep up the solid and transparent communication! Don't forget about us Group #5s!,0.0,0.0,1.0,0.0,0.0,0.0,0.0,1.0,0.0,0.0,0.0,0.0,0.0,0.0
Thanks for doing something cool,0.0,0.0,1.0,0.0,0.0,0.0,0.0,0.0,0.0,0.0,0.0,0.0,0.0,0.0
Keep being awesome! I love my Playdate <3,0.0,0.0,1.0,0.0,0.0,0.0,0.0,0.0,0.0,0.0,0.0,0.0,0.0,0.0
Thanks!,0.0,0.0,1.0,0.0,0.0,0.0,0.0,0.0,0.0,0.0,0.0,0.0,0.0,0.0
Honestly. Idk how you guys did it. But Iâ€™m impressed. This feels huge from the outside looking in. ,0.0,0.0,1.0,0.0,0.0,0.0,0.0,0.0,0.0,0.0,0.0,0.0,0.0,0.0
"As nostalgia for handhelds increases, I'd love to see the playdate line expand with a 'playdate colour' with a limited palette colour screen and a backlight. Keep the crank and the exact dimensions, resolution and chassis, maybe throw in a couple new colourways.That would be pretty much my dream handheld to develop for. I have so many game ideas that are infeasible with 1-bit sprites at this resolution. I love what you guys are doing and I think this is the most unique console in a long time.",0.0,1.0,1.0,0.0,1.0,0.0,0.0,0.0,0.0,0.0,1.0,0.0,0.0,0.0
You've created something incredibly special and I've very proud to be a part of the community of players and developers,0.0,0.0,1.0,0.0,0.0,0.0,0.0,0.0,0.0,0.0,0.0,0.0,0.0,0.0
This form assumed that I have a playdate for most of the time. So my answers for the 1-5 ratings are as neutral (3) at possible. Maybe I wasn't supposed to fill this form if I don't have the playdate yet?,1.0,0.0,0.0,0.0,0.0,0.0,0.0,0.0,0.0,0.0,0.0,0.0,0.0,0.0
"You've done a great job with this. Usually indie consoles like this are either niche for a specific use case (retro emulation), or a total meme. You have really created something unique that has its own style and flair. As a console collector and lifelong gamer and game historian, I couldn't be more excited to see how far and long it can go.",0.0,0.0,1.0,0.0,0.0,0.0,0.0,0.0,0.0,0.0,0.0,0.0,0.0,0.0
thank you!!,0.0,0.0,1.0,0.0,0.0,0.0,0.0,0.0,0.0,0.0,0.0,0.0,0.0,0.0
You guys rock! Consider a swapped color variant (purple playdate w/ yellow cover),0.0,0.0,1.0,0.0,0.0,0.0,0.0,0.0,0.0,0.0,1.0,0.0,0.0,0.0
Love you guys.,0.0,0.0,1.0,0.0,0.0,0.0,0.0,0.0,0.0,0.0,0.0,0.0,0.0,0.0
"Awesome device, look forward to getting one in the future :D",0.0,0.0,1.0,0.0,0.0,0.0,0.0,0.0,0.0,0.0,0.0,0.0,0.0,0.0
"Great work! I really enjoy Nova and the Playdate/Nova integration.
I wish the TypeScript extension/support for Nova were better (it's kinda buggy and slow).",1.0,0.0,1.0,0.0,0.0,0.0,0.0,0.0,0.0,0.0,0.0,0.0,0.0,0.0
"Try for fewer, longer/better games. I've been overall a bit disappointed with the quality of the games in season 1, as I think on the whole they'd compare poorly to even DSiware.",0.0,0.0,0.0,1.0,0.0,0.0,0.0,0.0,0.0,0.0,0.0,0.0,0.0,0.0
Don't make any other colors only yellow,0.0,0.0,0.0,0.0,0.0,0.0,0.0,0.0,0.0,0.0,1.0,0.0,0.0,0.0
"Good fucking job (the fucking is to communicate enthusiasm, not sarcasm).",0.0,0.0,1.0,0.0,0.0,0.0,0.0,0.0,0.0,0.0,0.0,0.0,0.0,0.0
The case looks very cute,0.0,1.0,0.0,0.0,0.0,0.0,0.0,0.0,0.0,0.0,0.0,0.0,0.0,0.0
I love it,0.0,0.0,1.0,0.0,0.0,0.0,0.0,0.0,0.0,0.0,0.0,0.0,0.0,0.0
Better communication.,0.0,0.0,0.0,0.0,0.0,0.0,0.0,1.0,0.0,0.0,0.0,0.0,0.0,0.0
"Keep up the good work! I hope we'll have the speaker dock soon, but I'm a little worried about the price.",0.0,0.0,1.0,0.0,0.0,0.0,1.0,0.0,0.0,0.0,0.0,0.0,0.0,0.0
"I love your company and everyone in it. All of your ideas are so charming and creative, and I can't wait to see what you all come up with next!",1.0,0.0,1.0,0.0,0.0,0.0,0.0,0.0,0.0,0.0,0.0,0.0,0.0,0.0
"playdate updates are really great, love the format there
thank you for this fun little package of games and good times
it never fails to bring a smile on my face :)
it brings me up when i am a-down

(it would be cool if there was a playdate game for homestar runner, if you've heard of it)
",0.0,0.0,1.0,0.0,0.0,0.0,0.0,1.0,0.0,0.0,0.0,0.0,0.0,0.0
Make purple. ,0.0,0.0,0.0,0.0,0.0,0.0,0.0,0.0,0.0,0.0,1.0,0.0,0.0,0.0
Keep doing what youâ€™re doing!,0.0,0.0,1.0,0.0,0.0,0.0,0.0,0.0,0.0,0.0,0.0,0.0,0.0,0.0
Thanks for making it!,0.0,0.0,1.0,0.0,0.0,0.0,0.0,0.0,0.0,0.0,0.0,0.0,0.0,0.0
Please deliver to New Zealand ,0.0,0.0,0.0,0.0,0.0,1.0,0.0,0.0,0.0,0.0,0.0,0.0,0.0,0.0
did care + did ask + laugh about it + stay happy + don't get real + L (happier) + ðŸ˜Š + interesting + no issue + ratio(happy) + you flew off + the audacity is nice + not triggered + I asked + get a life with me + ok and I love it? + uncringe + nice grass touching + based + funny laugh + grammar is sue + go inside stay safe + get better + not reported + GG! + ez clap good game + straight cash + ratio(happy) again + final ratio(happier) + stay cool + please don't stay pressed + not cancelled + done for today good job + free + freer than air + rip bad people + slight_smile + not cringe again + lol :) + relevant + healthy + not jealous + go ahead write a song about it + our problem + I care even more + unproblematic,0.0,0.0,1.0,0.0,0.0,0.0,0.0,0.0,0.0,0.0,0.0,0.0,0.0,0.0
I'd like to see more/better curation of games that aren't part of official seasons,0.0,0.0,0.0,1.0,0.0,0.0,0.0,0.0,0.0,0.0,0.0,0.0,0.0,0.0
"Congrats on launching such an amazing product, I'm excited to see where it goes next",0.0,0.0,1.0,0.0,0.0,0.0,0.0,0.0,0.0,0.0,0.0,0.0,0.0,0.0
"From what Iâ€™ve seen, the Panic team has been genuine in every interaction theyâ€™ve had. In the gaming industry, itâ€™s pretty rare to see honest, kind individuals who are so passionate about creativity, and even rarer to see those who are so open with providing development tools, methods to contact and network, and all around accessibility into the game creation space. Itâ€™s been phenomenal seeing everything Panic has provided for its community, and I hope to see it continue as they and the Playdate community grows.",0.0,0.0,1.0,0.0,0.0,0.0,0.0,1.0,0.0,0.0,0.0,0.0,0.0,0.0
Iteration 2 needs a backlight,0.0,0.0,0.0,0.0,1.0,0.0,0.0,0.0,0.0,0.0,0.0,0.0,0.0,0.0
Playdate is delightful and itâ€™s one of my favorite purchases in years. You guys did such a great job and you should be proud. ,0.0,0.0,1.0,0.0,0.0,0.0,0.0,0.0,0.0,0.0,0.0,0.0,0.0,0.0
"I hope everyone is looking out for each other and finding things to be excited about with the Playdate, even if it has been stressful or upsetting, as I can only imagine it has been. People asking for updates over and over across any medium they can has to be annoying, but I hope you just stick to what you know is right and focus time and energy on the Playdate in ways that are sustainable and can foster a community around it. Thank you for your commitment to making something strange and fun and new - in a weird way, it just feels like it's needed these days.",0.0,0.0,1.0,0.0,0.0,0.0,0.0,1.0,0.0,0.0,0.0,0.0,0.0,0.0
Keep being awesome.,0.0,0.0,1.0,0.0,0.0,0.0,0.0,0.0,0.0,0.0,0.0,0.0,0.0,0.0
Thanks for making a fun product,0.0,0.0,1.0,0.0,0.0,0.0,0.0,0.0,0.0,0.0,0.0,0.0,0.0,0.0
"More updates via email to your account holders, Ayn the company that makes the Odin are a new company and they give out weekly updates that include good news and bad news. Your users would love information now matter what news it is, just feeling you are in the loop would feel great.",0.0,0.0,0.0,0.0,0.0,0.0,0.0,1.0,0.0,0.0,0.0,0.0,0.0,0.0
Keep up the good work!,0.0,0.0,1.0,0.0,0.0,0.0,0.0,0.0,0.0,0.0,0.0,0.0,0.0,0.0
Thanks for an amazing handheld!,0.0,0.0,1.0,0.0,0.0,0.0,0.0,0.0,0.0,0.0,0.0,0.0,0.0,0.0
Thank you for this cool device!,0.0,0.0,1.0,0.0,0.0,0.0,0.0,0.0,0.0,0.0,0.0,0.0,0.0,0.0
I love you.,1.0,0.0,1.0,0.0,0.0,0.0,0.0,0.0,0.0,0.0,0.0,0.0,0.0,0.0
"I didn't think it would bother me but I really miss having a backlit screen. I would play my Playdate a *lot* more often if light wasn't an issue. If possible I'd love to see a light accessory that attaches to the top of the device or something - it's better than nothing. And if there's ever an updated model, a backlit screen would be much appreciated.",0.0,1.0,0.0,0.0,1.0,0.0,0.0,0.0,0.0,0.0,0.0,0.0,0.0,0.0
I worry about the crank handle a little. Would love to see a replacement kit if possible just in case. ,0.0,1.0,0.0,0.0,0.0,0.0,0.0,0.0,0.0,0.0,0.0,0.0,0.0,0.0
"Congratulations on your launch, hoping this gains traction for indie games. Backlight when? Colour when?",0.0,0.0,1.0,0.0,1.0,0.0,0.0,0.0,0.0,0.0,0.0,0.0,0.0,0.0
<3,0.0,0.0,1.0,0.0,0.0,0.0,0.0,0.0,0.0,0.0,0.0,0.0,0.0,0.0
"Good luck, I want playdate to thrive and am rooting for you :)",0.0,0.0,1.0,0.0,0.0,0.0,0.0,0.0,0.0,0.0,0.0,0.0,0.0,0.0
we need a pink playdate,0.0,0.0,0.0,0.0,0.0,0.0,0.0,0.0,0.0,0.0,1.0,0.0,0.0,0.0
Neat little thing you got here. Keep it going,0.0,0.0,1.0,0.0,0.0,0.0,0.0,0.0,0.0,0.0,0.0,0.0,0.0,0.0
"People keep calling this little yellow friend â€œretroâ€, but I think itâ€™s actually totally new. Thanks for embracing that and creating a little alternate pocket universe for this to exist in",0.0,0.0,1.0,0.0,0.0,0.0,0.0,0.0,0.0,0.0,0.0,0.0,0.0,0.0
Keep up the good work!,0.0,0.0,1.0,0.0,0.0,0.0,0.0,0.0,0.0,0.0,0.0,0.0,0.0,0.0
"Bring in more developers! A new season would be great, perhaps multiple themed (RPG/Platformer/etc.) seasons concurrently would be fun, too!",0.0,0.0,0.0,1.0,0.0,0.0,0.0,0.0,0.0,0.0,0.0,0.0,1.0,0.0
Thank you for your hard work! The product you all have created is phenomenal!,0.0,0.0,1.0,0.0,0.0,0.0,0.0,0.0,0.0,0.0,0.0,0.0,0.0,0.0
"I think the playdate is a really interesting project and I'm excited to try and develop for it. I don't know when I'll be able to start (just due to personal circumstances), but I appreciate the effort you've put into making development accessible and I'd like to see a continuation and expansion of that.",0.0,0.0,1.0,0.0,0.0,0.0,0.0,0.0,0.0,0.0,0.0,0.0,0.0,0.0
thanks for making this. its very cool.,0.0,0.0,1.0,0.0,0.0,0.0,0.0,0.0,0.0,0.0,0.0,0.0,0.0,0.0
Thank you wonderful Panic folks!,0.0,0.0,1.0,0.0,0.0,0.0,0.0,0.0,0.0,0.0,0.0,0.0,0.0,0.0
Keep it up! Absolutely astounding experience so far.,0.0,0.0,1.0,0.0,0.0,0.0,0.0,0.0,0.0,0.0,0.0,0.0,0.0,0.0
Playdate is the best! I think support for more games by Japanese devs could help it take off even more!,0.0,0.0,1.0,1.0,0.0,0.0,0.0,0.0,0.0,0.0,0.0,0.0,0.0,0.0
Keep it going!,0.0,0.0,1.0,0.0,0.0,0.0,0.0,0.0,0.0,0.0,0.0,0.0,0.0,0.0
Great job ,0.0,0.0,1.0,0.0,0.0,0.0,0.0,0.0,0.0,0.0,0.0,0.0,0.0,0.0
"Have enjoyed seeing this product come to be, have been following, for, feels like a few years, and love the approach keep it up / stay weird ",0.0,0.0,1.0,0.0,0.0,0.0,0.0,0.0,0.0,0.0,0.0,0.0,0.0,0.0
Just huge congrats on the Playdate. I love everything about it and big shout out to everyone in the Discord. ,0.0,0.0,1.0,0.0,0.0,0.0,0.0,0.0,0.0,0.0,0.0,0.0,0.0,0.0
"I love you please keep it up! Please try and keep season 2 a surprise without press previews. Give them only 1 or 2 games, not all 24 or 12.",0.0,0.0,1.0,1.0,0.0,0.0,0.0,0.0,0.0,0.0,0.0,0.0,1.0,0.0
"Well done! Fun to use, and a lot of fun to develop for. Nova crashes on me a lot, though ...",1.0,0.0,1.0,0.0,0.0,0.0,0.0,0.0,0.0,0.0,0.0,0.0,0.0,0.0
"I appreciate the honesty of the â€œweâ€™ll tell you when we know for sureâ€ approach to release schedules, etc. Iâ€™m also glad someone is making niche devices out of passion first.",0.0,0.0,1.0,0.0,0.0,0.0,0.0,1.0,0.0,0.0,0.0,0.0,0.0,0.0
"I think you have pulled off something amazing. I know there are some issues and hangups, but overall youâ€™ve delivered a really nice product. Especially for your first mass market hardware!",0.0,0.0,1.0,0.0,0.0,0.0,0.0,0.0,0.0,0.0,0.0,0.0,0.0,0.0
Keep up the good work. Do a pop-up store of Panic Inc. merchandise.,1.0,0.0,1.0,0.0,0.0,0.0,0.0,0.0,0.0,0.0,0.0,0.0,0.0,0.0
Having a way to hide or favorite games or group them into sub-categories to make them easier to navigate would be appreciated.,0.0,0.0,0.0,0.0,0.0,0.0,0.0,0.0,1.0,0.0,0.0,0.0,0.0,0.0
Keep on improving,0.0,0.0,1.0,0.0,0.0,0.0,0.0,0.0,0.0,0.0,0.0,0.0,0.0,0.0
Keep up the amazing work!,0.0,0.0,1.0,0.0,0.0,0.0,0.0,0.0,0.0,0.0,0.0,0.0,0.0,0.0
Really excited for the future of this company. Havenâ€™t pre-ordered anything before but I really love the concenpt and want it to sucssed. The playdate sounds like exactly what I want from video games and I hope it can last a good long while!! ,1.0,0.0,1.0,0.0,0.0,0.0,0.0,0.0,0.0,0.0,0.0,0.0,0.0,0.0
Keep up the good work!,0.0,0.0,1.0,0.0,0.0,0.0,0.0,0.0,0.0,0.0,0.0,0.0,0.0,0.0
Maybe hire more customer service staff so emails can be responded to in a reasonable amount of time.,0.0,0.0,0.0,0.0,0.0,0.0,0.0,0.0,0.0,0.0,0.0,0.0,0.0,0.0
Keep making cool shit!,0.0,0.0,0.0,0.0,0.0,0.0,0.0,0.0,0.0,0.0,0.0,0.0,0.0,0.0
"More frequent customer emails. Twitter is great and everything but in a market saturated with vaporware and failed crowdfunding and preorder campaigns, a quick note every now and then to let us know you haven't gone bankrupt would be nice.",0.0,0.0,0.0,0.0,0.0,0.0,0.0,0.0,0.0,0.0,0.0,0.0,0.0,0.0
"Great work. PS: consider developing and selling a ""curly light"" like the ones for Gameboy Color, and a case/skin that has a pop socket like handle on the back. I often play my PlayDate with one hand, since lots of the game are slow and don't necessitate both hands. I'd really like to have a better physical hold on the device while playing. ",0.0,0.0,1.0,0.0,1.0,0.0,0.0,0.0,0.0,0.0,0.0,0.0,0.0,0.0
"I love it! If there was a playdate 2 with more colors, a couple more face buttons, and a backlit display I would buy it again!",0.0,0.0,1.0,0.0,1.0,0.0,0.0,0.0,0.0,0.0,1.0,0.0,0.0,0.0
"Thanks for the playdate, it has been everything I hoped it to be and still is growing so much!",0.0,0.0,1.0,0.0,0.0,0.0,0.0,0.0,0.0,0.0,0.0,0.0,0.0,0.0
Heart emoji.,0.0,0.0,1.0,0.0,0.0,0.0,0.0,0.0,0.0,0.0,0.0,0.0,0.0,0.0
Please keep being awesome <3,0.0,0.0,1.0,0.0,0.0,0.0,0.0,0.0,0.0,0.0,0.0,0.0,0.0,0.0
Please open the WIFI API,0.0,0.0,0.0,0.0,0.0,0.0,0.0,0.0,0.0,1.0,0.0,0.0,0.0,0.0
Congrats!! I've been streaming Playdate games and having a blast. Thank you so much for the mirror app!,1.0,0.0,1.0,0.0,0.0,0.0,0.0,0.0,0.0,0.0,0.0,0.0,0.0,0.0
There needs to be a better way of finding independent Playdate software than browsing a tag on Itch.io.,0.0,0.0,0.0,1.0,0.0,0.0,0.0,0.0,1.0,0.0,0.0,0.0,0.0,0.0
"Thank you so much for making such a cute little console. I love small and minimalist games, and I think the hardware constraints and input layout is going to bring out the best of developers.",0.0,0.0,1.0,1.0,0.0,0.0,0.0,0.0,0.0,0.0,0.0,0.0,0.0,0.0
FIREEEE,0.0,0.0,1.0,0.0,0.0,0.0,0.0,0.0,0.0,0.0,0.0,0.0,0.0,0.0
"What you've created with Playdate is really special, and your team has amazing taste. Hardware issues have marred the launch a bit (mine has a faulty screen and also won't unlock), but aside from that you've been able to really drive excitement for the product. I'm left with a ""now what?"" feeling, though, which perhaps you share!",0.0,1.0,1.0,0.0,0.0,0.0,0.0,0.0,0.0,0.0,0.0,0.0,0.0,0.0
being able to organize the games would be great!,0.0,0.0,0.0,0.0,0.0,0.0,0.0,0.0,1.0,0.0,0.0,0.0,0.0,0.0
"I think you really nailed the Playdate! Thus far, I feel like I really received exactly what I backed, if not better.",0.0,0.0,1.0,0.0,0.0,0.0,0.0,0.0,0.0,0.0,0.0,0.0,0.0,0.0
Keep doing what you are doing.,0.0,0.0,1.0,0.0,0.0,0.0,0.0,0.0,0.0,0.0,0.0,0.0,0.0,0.0
Great company,0.0,0.0,1.0,0.0,0.0,0.0,0.0,0.0,0.0,0.0,0.0,0.0,0.0,0.0
Keep it up!,0.0,0.0,1.0,0.0,0.0,0.0,0.0,0.0,0.0,0.0,0.0,0.0,0.0,0.0
Stay odd,0.0,0.0,1.0,0.0,0.0,0.0,0.0,0.0,0.0,0.0,0.0,0.0,0.0,0.0
Keep doin' what your doin' ,0.0,0.0,1.0,0.0,0.0,0.0,0.0,0.0,0.0,0.0,0.0,0.0,0.0,0.0
Should have backlit screen,0.0,0.0,0.0,0.0,1.0,0.0,0.0,0.0,0.0,0.0,0.0,0.0,0.0,0.0
Go team!,0.0,0.0,1.0,0.0,0.0,0.0,0.0,0.0,0.0,0.0,0.0,0.0,0.0,0.0
ðŸ’›,0.0,0.0,1.0,0.0,0.0,0.0,0.0,0.0,0.0,0.0,0.0,0.0,0.0,0.0
Keep killin' it,0.0,0.0,1.0,0.0,0.0,0.0,0.0,0.0,0.0,0.0,0.0,0.0,0.0,0.0
Keep on doing what you do!,0.0,0.0,1.0,0.0,0.0,0.0,0.0,0.0,0.0,0.0,0.0,0.0,0.0,0.0
"I think the challenge you have now is keeping Playdate alive beyond the initial rush of orders. As demand settles into a slower rhythm new content and platform improvements will keep people coming back, and nailing the pricing and options for seasons going forward will be crucial.",0.0,0.0,0.0,1.0,0.0,1.0,0.0,0.0,0.0,0.0,0.0,0.0,1.0,0.0
Thanks for being cool peoples ,0.0,0.0,1.0,0.0,0.0,0.0,0.0,0.0,0.0,0.0,0.0,0.0,0.0,0.0
You made a true open indie console. Thank you for giving the hobby game devs a platform!,0.0,0.0,1.0,0.0,0.0,0.0,0.0,0.0,0.0,0.0,0.0,0.0,0.0,0.0
"don't listen to the haters, shit happens, and you did an amazing job. love you guys",0.0,0.0,1.0,0.0,0.0,0.0,0.0,0.0,0.0,0.0,0.0,0.0,0.0,0.0
Well done with producing this console during such challenging global times. ,0.0,0.0,1.0,0.0,0.0,0.0,0.0,0.0,0.0,0.0,0.0,0.0,0.0,0.0
Love the Playdate!,0.0,0.0,1.0,0.0,0.0,0.0,0.0,0.0,0.0,0.0,0.0,0.0,0.0,0.0
Looking to hire a game dev artist in the next 6 months??,1.0,0.0,0.0,0.0,0.0,0.0,0.0,0.0,0.0,0.0,0.0,0.0,0.0,0.0
"I think itâ€™s a great job, and itâ€™s brilliant a company was willing to try making something so different!",0.0,0.0,1.0,0.0,0.0,0.0,0.0,0.0,0.0,0.0,0.0,0.0,0.0,0.0
"If you can sneak a nice Gameboy emulator on here, you will be loved by many.",1.0,0.0,0.0,0.0,0.0,0.0,0.0,0.0,0.0,0.0,0.0,0.0,0.0,0.0
"Great initiative, sucks about long wait (over a year now)â€¦ I would have expected an apology or compensation at least. Demand for a cool handheld is clearly there, and the 1 bit screen is a great inspirationâ€¦ well, if it had better visibility. I wish it had a bigger brother for bigger hands.",1.0,0.0,0.0,0.0,1.0,1.0,0.0,1.0,0.0,0.0,0.0,0.0,0.0,0.0
This has been amazing. Please do season 2 and please keep this up. It's wonderful.,0.0,0.0,1.0,1.0,0.0,0.0,0.0,0.0,0.0,0.0,0.0,0.0,1.0,0.0
"Just a general thanks for producing something so creative, engaging and fun. I work in games and I find the product and the whole Playdate development so inspiring. Whenever things are getting a bit stressful, my Playdate feels like a breath of fresh air every time I open the cover. ",0.0,0.0,1.0,0.0,0.0,0.0,0.0,0.0,0.0,0.0,0.0,0.0,0.0,0.0
Reduce price and bring it to regular selling points. Phisical and online.,1.0,0.0,0.0,0.0,0.0,0.0,0.0,0.0,0.0,0.0,0.0,0.0,0.0,0.0
You're doing great,0.0,0.0,1.0,0.0,0.0,0.0,0.0,0.0,0.0,0.0,0.0,0.0,0.0,0.0
Stay weird!,0.0,0.0,1.0,0.0,0.0,0.0,0.0,0.0,0.0,0.0,0.0,0.0,0.0,0.0
"Although we know you are having issues with manufacturing and shipping, some more communicationd would be appreciated. I do like the discord etc, gets me really hyped for my Playdate. I genuinely hope this device will become a huge hit so the world of handheld gaming gets bigger than the limited options we have today. Thanks for the hard work, and good luck!",0.0,0.0,1.0,0.0,0.0,1.0,0.0,0.0,0.0,0.0,0.0,0.0,0.0,0.0
Keep it up we like what you're doin,0.0,0.0,1.0,0.0,0.0,0.0,0.0,0.0,0.0,0.0,0.0,0.0,0.0,0.0
Too expensive. Otherwise I'd buy it. But I'm glad that the SDK is open for everyone.,1.0,0.0,1.0,0.0,0.0,0.0,0.0,0.0,0.0,0.0,0.0,0.0,0.0,0.0
I don't think this survey should be collecting feedback on behalf of Panic.,1.0,0.0,0.0,0.0,0.0,0.0,0.0,0.0,0.0,0.0,0.0,0.0,0.0,0.0
"The Gameboy Advance SP had way better ergonomics, just sayin'",1.0,0.0,0.0,0.0,0.0,0.0,0.0,0.0,0.0,0.0,0.0,0.0,0.0,0.0
Keep being creative and shooting for the moon! ,0.0,0.0,1.0,0.0,0.0,0.0,0.0,0.0,0.0,0.0,0.0,0.0,0.0,0.0
You are doing a great job,0.0,0.0,1.0,0.0,0.0,0.0,0.0,0.0,0.0,0.0,0.0,0.0,0.0,0.0
"Great work, but a pity all the issues with the manufacturing & shipping",0.0,0.0,1.0,0.0,0.0,1.0,0.0,0.0,0.0,0.0,0.0,0.0,0.0,0.0
Keep up the great work â¤ï¸,0.0,0.0,1.0,0.0,0.0,0.0,0.0,0.0,0.0,0.0,0.0,0.0,0.0,0.0
Keep it up!,0.0,0.0,1.0,0.0,0.0,0.0,0.0,0.0,0.0,0.0,0.0,0.0,0.0,0.0
ramp up production having to wait soo long to be able to get a device now puts me of on actually getting one and releasing a game i was making (i rather test things myself on the devices i program for),0.0,0.0,0.0,0.0,0.0,1.0,0.0,0.0,0.0,0.0,0.0,0.0,0.0,0.0
Go all in supporting this great new system!,0.0,0.0,1.0,0.0,0.0,0.0,0.0,0.0,0.0,0.0,0.0,0.0,0.0,0.0
"The community is still being developed; as such it's still able to be easily molded. While it is currently pretty posvibes; be careful that things could shift and start to accept toxicity. 
Nurture what you want to see.
Be delicate but firm in pushing back on mean or hateful behavior. ",0.0,0.0,0.0,0.0,0.0,0.0,0.0,1.0,0.0,0.0,0.0,0.0,0.0,0.0
"Sideloading via web is weird. It should use the bundle ID in pdxinfo. It should not require build number, if I upload a new PDX I want that one no matter if it's newer or older.",0.0,0.0,0.0,0.0,0.0,0.0,0.0,0.0,1.0,0.0,0.0,0.0,0.0,1.0
<3<3<3<3<3<3,0.0,0.0,1.0,0.0,0.0,0.0,0.0,0.0,0.0,0.0,0.0,0.0,0.0,0.0
THANK YOU. Playdate is a game changer.,0.0,0.0,1.0,0.0,0.0,0.0,0.0,0.0,0.0,0.0,0.0,0.0,0.0,0.0
Very good,0.0,0.0,1.0,0.0,0.0,0.0,0.0,0.0,0.0,0.0,0.0,0.0,0.0,0.0
You guys are awesome and never change!,0.0,0.0,1.0,0.0,0.0,0.0,0.0,0.0,0.0,0.0,0.0,0.0,0.0,0.0
Thanks for the effort (while I crave for my devices to arrive),0.0,0.0,1.0,0.0,0.0,0.0,0.0,0.0,0.0,0.0,0.0,0.0,0.0,0.0
Thanks for such a great and unique product!,0.0,0.0,1.0,0.0,0.0,0.0,0.0,0.0,0.0,0.0,0.0,0.0,0.0,0.0
"software and games are fantastic, build quality seems hit-and-miss",0.0,1.0,0.0,1.0,0.0,0.0,0.0,0.0,0.0,0.0,0.0,0.0,0.0,0.0
Every one of you is awesome,0.0,0.0,1.0,0.0,0.0,0.0,0.0,0.0,0.0,0.0,0.0,0.0,0.0,0.0
Playdate should taste better when I lick it,1.0,0.0,0.0,0.0,0.0,0.0,0.0,0.0,0.0,0.0,0.0,0.0,0.0,0.0
"More colors is a great idea if possible emulate Xbox Design Lab, customizing a playdate would be incredible.",0.0,0.0,0.0,0.0,0.0,0.0,0.0,0.0,0.0,0.0,1.0,0.0,0.0,0.0
"So excited to receive my Playdate! I've been following this project for such a long long time now and we are SO CLOSE to the finish line. Please consider a playfate v2, similar hardware, more processing power for slightly beefier games ðŸ˜Š",0.0,1.0,1.0,0.0,1.0,0.0,0.0,0.0,0.0,0.0,0.0,0.0,0.0,0.0
I wish you the best!,0.0,0.0,1.0,0.0,0.0,0.0,0.0,0.0,0.0,0.0,0.0,0.0,0.0,0.0
Yellow was the right call :),0.0,0.0,0.0,0.0,0.0,0.0,0.0,0.0,0.0,0.0,1.0,0.0,0.0,0.0
Open the platform more,0.0,0.0,0.0,0.0,0.0,0.0,0.0,0.0,1.0,1.0,0.0,0.0,0.0,0.0
Add the ability to have autolock disabled (so we can use clock apps like Playtime),0.0,0.0,0.0,0.0,0.0,0.0,0.0,0.0,1.0,0.0,0.0,0.0,0.0,0.0
Thanks for the interesting and novel console.  It's a joy to play. :),0.0,0.0,1.0,0.0,0.0,0.0,0.0,0.0,0.0,0.0,0.0,0.0,0.0,0.0
Keep up the great work! This console is awesome! ðŸ˜,0.0,0.0,1.0,0.0,0.0,0.0,0.0,0.0,0.0,0.0,0.0,0.0,0.0,0.0
Bravo.,0.0,0.0,1.0,0.0,0.0,0.0,0.0,0.0,0.0,0.0,0.0,0.0,0.0,0.0
Keep up the awesome work!,0.0,0.0,1.0,0.0,0.0,0.0,0.0,0.0,0.0,0.0,0.0,0.0,0.0,0.0
keep it up! You've got a lifelong fan in me!,0.0,0.0,1.0,0.0,0.0,0.0,0.0,0.0,0.0,0.0,0.0,0.0,0.0,0.0
I seem to have a hard time finding updates from y'all. Is youtube the best place for that? maybe some communication when there's new info,0.0,0.0,0.0,0.0,0.0,0.0,0.0,1.0,0.0,0.0,0.0,0.0,0.0,0.0
please make a mirror app for ipad,1.0,0.0,0.0,0.0,0.0,0.0,0.0,0.0,0.0,0.0,0.0,0.0,0.0,0.0
Keep rockin',0.0,0.0,1.0,0.0,0.0,0.0,0.0,0.0,0.0,0.0,0.0,0.0,0.0,0.0
Keep being great!,0.0,0.0,1.0,0.0,0.0,0.0,0.0,0.0,0.0,0.0,0.0,0.0,0.0,0.0
"I love the hardware, I just got mine. Just on week one so far, but Whitewater Wipeout is perfectly suited to the playdate for me. Looking forward to the weekly delivery of new games. Thank you! ",0.0,0.0,1.0,0.0,0.0,0.0,0.0,0.0,0.0,0.0,0.0,0.0,0.0,0.0
I'm very happy with my Playdate so far. Definitely been a fun and worthwhile purchase for me.,0.0,0.0,1.0,0.0,0.0,0.0,0.0,0.0,0.0,0.0,0.0,0.0,0.0,0.0
"I want to be able to see the wrapping paper again!  If we delete a game and reinstall it, let us unwrap it again please!  Otherwise, loving the launch overall.",0.0,0.0,1.0,0.0,0.0,0.0,0.0,0.0,1.0,0.0,0.0,0.0,0.0,0.0
Keep on kicking ass,0.0,0.0,1.0,0.0,0.0,0.0,0.0,0.0,0.0,0.0,0.0,0.0,0.0,0.0
Thanks for all your hard work!,0.0,0.0,1.0,0.0,0.0,0.0,0.0,0.0,0.0,0.0,0.0,0.0,0.0,0.0
none yet,1.0,0.0,0.0,0.0,0.0,0.0,0.0,0.0,0.0,0.0,0.0,0.0,0.0,0.0
"_I'm buying the Playdate first and foremost for the hardware_.... I actually don't care so much about the games, what I want / wanted a playdate for was the quality design and engineering. Reading the only sources of information / community I'm aware of, Discord and Reddit, it feels like there are a lot of quality control / fit / finish issues with the hardware and software (crank issues, difference in button feel / feedback, etc). Because of all of these reports, I've unfortunately lost some of my faith in the hardware, and the reason for wanting to own the product in the first place (Teenage Engineering + Panic) is diminished. To be clear, I think it's an amazing feat to have released the PlayDate, truly awesome work, and I certainly don't feel negative about anything. It's just that taken at face value, the Playdate has lost a bit of it's shine to me as a premium, robust, well engineered piece of hardware. ",0.0,1.0,0.0,0.0,0.0,0.0,0.0,0.0,0.0,0.0,0.0,0.0,0.0,0.0
I really love the freedom and support you give to the playdate community and developers.  It is really something I've never seen in a company and i wish more companies didn't push for more sales over a better relationship with their customers.,0.0,0.0,1.0,0.0,0.0,0.0,0.0,0.0,0.0,0.0,0.0,0.0,0.0,0.0
Thank you for creating this platform and cultivating a great community!,0.0,0.0,1.0,0.0,0.0,0.0,0.0,0.0,0.0,0.0,0.0,0.0,0.0,0.0
Thank you for making such a lovely little device,0.0,0.0,1.0,0.0,0.0,0.0,0.0,0.0,0.0,0.0,0.0,0.0,0.0,0.0
"Keep it up gang, can't imagine how busy you've been <3",0.0,0.0,1.0,0.0,0.0,0.0,0.0,0.0,0.0,0.0,0.0,0.0,0.0,0.0
"Panic is a pretty cool and unique company creating some ""serious"" apps I use every day like Transmit but also games like Untitled Goose game and now also a console!? You'd think a company doing that many things at once can't make all of them well but somehow you do.",1.0,0.0,1.0,0.0,0.0,0.0,0.0,0.0,0.0,0.0,0.0,0.0,0.0,0.0
Thanks for all your hard work and growing the indie scene in a really unique way!,0.0,0.0,1.0,0.0,0.0,0.0,0.0,0.0,0.0,0.0,0.0,0.0,0.0,0.0
You folks have been awesome forever. I met some of y'all I think back at Macworld 1999 in NYC! (I was a BIG Audion fan... friggin Apple! *shakes fist*)  Oh! Cabel can you bring back the fireworks reviews or snack food reviews?,1.0,0.0,1.0,0.0,0.0,0.0,0.0,0.0,0.0,0.0,0.0,0.0,0.0,0.0
Playdate is a rousing success at my house - thanks for the wildly fun + unique handheld!,0.0,0.0,1.0,0.0,0.0,0.0,0.0,0.0,0.0,0.0,0.0,0.0,0.0,0.0
Keep being awesome yâ€™all,0.0,0.0,1.0,0.0,0.0,0.0,0.0,0.0,0.0,0.0,0.0,0.0,0.0,0.0
I love what you're doing and hope you have the opportunity to continue supporting Playdate,0.0,0.0,1.0,0.0,0.0,0.0,0.0,0.0,0.0,0.0,0.0,0.0,0.0,0.0
"Keep at it! Supporting indie devs has and will continue to make this community great, creating a feedback loop where devs, players, and the console can grow together.",0.0,0.0,1.0,0.0,0.0,0.0,0.0,0.0,0.0,0.0,0.0,0.0,0.0,0.0
"I would like an offline Pulp or one that you can download to your computer. Don't know why, but it has been bugging me. I was expecting the SDK to be more like Pulp tbh",0.0,0.0,0.0,0.0,0.0,0.0,0.0,0.0,0.0,1.0,0.0,0.0,0.0,0.0
Anything I can do about that screen scratch? It's not a big deal but my tech repair skills are basically zero,0.0,0.0,0.0,0.0,0.0,0.0,0.0,0.0,0.0,0.0,0.0,1.0,0.0,0.0
Thanks for making this.,0.0,0.0,1.0,0.0,0.0,0.0,0.0,0.0,0.0,0.0,0.0,0.0,0.0,0.0
A++ great job! I've been a Panic fan since the early days of Coda & Transmit!,0.0,0.0,1.0,0.0,0.0,0.0,0.0,0.0,0.0,0.0,0.0,0.0,0.0,0.0
Good work. Looking forward to receiving my playdate ðŸ™‚,0.0,0.0,1.0,0.0,0.0,0.0,0.0,0.0,0.0,0.0,0.0,0.0,0.0,0.0
Don't Panic Inc,1.0,0.0,1.0,0.0,0.0,0.0,0.0,0.0,0.0,0.0,0.0,0.0,1.0,0.0
keep the quality games coming.  recruit devs for a season 2.  ,0.0,0.0,1.0,1.0,0.0,0.0,0.0,0.0,0.0,0.0,0.0,0.0,1.0,0.0
Just... thank you!,0.0,0.0,1.0,0.0,0.0,0.0,0.0,0.0,0.0,0.0,0.0,0.0,0.0,0.0
I love you guys for making this -- I've always wanted something like a real pico-8 :),0.0,0.0,1.0,0.0,0.0,0.0,0.0,0.0,0.0,0.0,0.0,0.0,0.0,0.0
Keep making amazing software (and hardware now)!,0.0,0.0,1.0,0.0,0.0,0.0,0.0,0.0,0.0,0.0,0.0,0.0,0.0,0.0
"I would love to see the Playdate Update videos continue, with a specific highlight toward amazing games being made from community for sideloading. ",0.0,0.0,0.0,0.0,0.0,0.0,0.0,1.0,0.0,0.0,0.0,0.0,0.0,1.0
"Instead of getting 2 games per week in a season, I'd like an option to get 1 game per week for more weeks.",0.0,0.0,0.0,1.0,0.0,0.0,0.0,0.0,0.0,0.0,0.0,0.0,1.0,0.0
"Open source the project, like Android",0.0,0.0,0.0,0.0,0.0,0.0,0.0,0.0,1.0,0.0,0.0,0.0,0.0,0.0
Offer repair parts,0.0,0.0,0.0,0.0,0.0,0.0,0.0,0.0,0.0,0.0,0.0,1.0,0.0,0.0
I love you all :D,0.0,0.0,1.0,0.0,0.0,0.0,0.0,0.0,0.0,0.0,0.0,0.0,0.0,0.0
Keep up the amazing work. Playdate is a beautiful dream made real. â¤ï¸,0.0,0.0,1.0,0.0,0.0,0.0,0.0,0.0,0.0,0.0,0.0,0.0,0.0,0.0
"Your tone of voice is excellent - your YouTube content really portrays you as a nice place to work, small environment of passionate people attempting something difficult, for the love of it. This is endearing and honestly I'm happy to support you just because of that. Your level of differentiation with the playdate seems good - i.e. high. It is an expensive novelty device for enthusiasts - I think the seasons idea is an excellent attempt to support some more frequent user retention. I hope it works.

 Please ask Lucas Pope to update his blog :)",1.0,0.0,1.0,0.0,0.0,0.0,0.0,1.0,0.0,0.0,0.0,0.0,1.0,0.0
Worth the wait!,0.0,0.0,1.0,0.0,0.0,0.0,0.0,0.0,0.0,0.0,0.0,0.0,0.0,0.0
"Bit more improvement in quality control. I love my Playdate, but it would be a true joy to use if the tactile quality of every component was consistently high / on par with the crank.",0.0,1.0,1.0,0.0,0.0,0.0,0.0,0.0,0.0,0.0,0.0,0.0,0.0,0.0
Love you!,0.0,0.0,1.0,0.0,0.0,0.0,0.0,0.0,0.0,0.0,0.0,0.0,0.0,0.0
I love you,0.0,0.0,1.0,0.0,0.0,0.0,0.0,0.0,0.0,0.0,0.0,0.0,0.0,0.0
"I love you guys, make more playdate",0.0,0.0,1.0,0.0,0.0,0.0,0.0,0.0,0.0,0.0,0.0,0.0,0.0,0.0
"For now, I've felt the Playdate as a developer platform because there isn't killer software.
If a user didn't know how to program and didn't express any interest in doing so, not wanting to use Pulp either, their bones would be brittle and their stomachs empty because there is little to nothing to consume. Developing for playdate is a huge plus and the main reason to have a playdate as of early July 2022. I wish this to change and Playdate to have a hit game people can really enjoy.

The passion of the developer community and people surrounding the Playdate is awesome. Coming home and coding something for myself has given me retrospective on why I wanted to code in the first place. A love for video games and how this medium can be used to express one's self. Playdate's Lua SDK makes it easy enough to start and design a small game. Limiting moreso in an opinionated basis of what a mobile game console fundamental control layout should be.

With the Playdate/Panic Podcasts I have a small glimpse into the real world difficulties of making a handheld. I appreciate the efforts that have been made to make this possible. I hope the employees at Panic treat themselves well, games aren't worth self ruin!

I wish success for this company, product, and community so we can have more games on Playdate. I'm invested into seeing through what the future of Playdate becomes.",0.0,0.0,1.0,1.0,0.0,0.0,0.0,1.0,0.0,0.0,0.0,0.0,0.0,0.0
Keep up the cool work!,0.0,0.0,1.0,0.0,0.0,0.0,0.0,0.0,0.0,0.0,0.0,0.0,0.0,0.0
Keep up the great work!,0.0,0.0,1.0,0.0,0.0,0.0,0.0,0.0,0.0,0.0,0.0,0.0,0.0,0.0
Thanks for taking this chance and building such a great v1 product. I love making things and being able to make my own games for a device like this is a lot of fun. I'm an iOS developer during my day job and I love building games for a different platform as a hobby.,0.0,0.0,1.0,0.0,0.0,0.0,0.0,0.0,0.0,0.0,0.0,0.0,0.0,0.0
"The sharp edges on the case are unfortunate. It was immediately uncomfortable to hold and play. Fortunately the case rectifies this, but the back bottom edge should really have a small radius.
I wish the display had a backlight. It is beautiful with the correct lighting though.",0.0,1.0,0.0,0.0,1.0,0.0,0.0,0.0,0.0,0.0,0.0,0.0,0.0,0.0
The playdate is great!,0.0,0.0,1.0,0.0,0.0,0.0,0.0,0.0,0.0,0.0,0.0,0.0,0.0,0.0
The honest feedback on issues you've faced has been very refreshing and reassuring. Best of luck with everything.,0.0,0.0,1.0,0.0,0.0,0.0,0.0,1.0,0.0,0.0,0.0,0.0,0.0,0.0
Just keep at it. We love you,0.0,0.0,1.0,0.0,0.0,0.0,0.0,0.0,0.0,0.0,0.0,0.0,0.0,0.0
"Amazing job filling a niche that encompasses both a retro aesthetic and modern design sensibilities. My only suggestion for a future revision (if it happens) would be better face buttons that are more responsive and consistent when pressed at different angles, and feel more like a standard game controller -Iâ€™d honestly buy another one just for that. Outside of that, the crank is a brilliant innovation, the games are fun, the community is great, the communication from Panic is excellent, and Iâ€™m really happy to be a part of this. ",0.0,1.0,1.0,0.0,0.0,0.0,0.0,0.0,0.0,0.0,0.0,0.0,0.0,0.0
Y'all are great at focusing on the small details. Love it. Keep it going.,0.0,0.0,1.0,0.0,0.0,0.0,0.0,0.0,0.0,0.0,0.0,0.0,0.0,0.0
"Keep at it. Iâ€™ve known you for several years, using your products for development.",0.0,0.0,1.0,0.0,0.0,0.0,0.0,0.0,0.0,0.0,0.0,0.0,0.0,0.0
"love the product, make new colors",0.0,0.0,1.0,0.0,0.0,0.0,0.0,0.0,0.0,0.0,1.0,0.0,0.0,0.0
Love all. Just have to wait my playdate (gr4),0.0,0.0,1.0,0.0,0.0,0.0,0.0,0.0,0.0,0.0,0.0,0.0,0.0,0.0
Ship faster!,0.0,0.0,0.0,0.0,0.0,1.0,0.0,0.0,0.0,0.0,0.0,0.0,0.0,0.0
Keep up the great work,0.0,0.0,1.0,0.0,0.0,0.0,0.0,0.0,0.0,0.0,0.0,0.0,0.0,0.0
Love you folks,0.0,0.0,1.0,0.0,0.0,0.0,0.0,0.0,0.0,0.0,0.0,0.0,0.0,0.0
ty :) ,0.0,0.0,1.0,0.0,0.0,0.0,0.0,0.0,0.0,0.0,0.0,0.0,0.0,0.0
Yall are awesome!,0.0,0.0,1.0,0.0,0.0,0.0,0.0,0.0,0.0,0.0,0.0,0.0,0.0,0.0
Keep up the great work. ,0.0,0.0,1.0,0.0,0.0,0.0,0.0,0.0,0.0,0.0,0.0,0.0,0.0,0.0
Keep up the great work!,0.0,0.0,1.0,0.0,0.0,0.0,0.0,0.0,0.0,0.0,0.0,0.0,0.0,0.0
Keep it up!,0.0,0.0,1.0,0.0,0.0,0.0,0.0,0.0,0.0,0.0,0.0,0.0,0.0,0.0
More peeks behind the scenes!,0.0,0.0,0.0,0.0,0.0,0.0,0.0,1.0,0.0,0.0,0.0,0.0,0.0,0.0
"You guys have made an incredible platform. I have not felt that freedom of development since the late eighties on Atari ST. I really want the console to be a huge success. Now, whatever you do, PLEASE do not put in place some kind of review system or red tape around development and publishing of third party games. This is your number one superpower. There's not a single console out there right now that is fully open but also so accessible to beginners. However, I think you need to attract star developers like Lucas Pope to have at least a few killer apps, to put the console on the map. And finally, I'm sure that there's been many reasons for which you chose not to have  back lighting, but let's face it: it is a deal breaker for many people, and I think it's the number one flaw that prevents the console from taking off. You just read forums and Youtube comments and Reddit and it's everywhere: people want backlight, or they won't buy it. If it was me, it would be my top priority to start R&D on a v2 with backlighting. ",0.0,0.0,1.0,1.0,1.0,0.0,0.0,0.0,0.0,0.0,0.0,0.0,0.0,0.0
Keep up the great work,0.0,0.0,1.0,0.0,0.0,0.0,0.0,0.0,0.0,0.0,0.0,0.0,0.0,0.0
Keep up the good work!,0.0,0.0,1.0,0.0,0.0,0.0,0.0,0.0,0.0,0.0,0.0,0.0,0.0,0.0
Very excited to try it out ðŸ¤“,0.0,0.0,1.0,0.0,0.0,0.0,0.0,0.0,0.0,0.0,0.0,0.0,0.0,0.0
"Keep up the good work, I love my PlayDate and hope it has a long life of software support, even if it's not my primary console",0.0,0.0,1.0,1.0,0.0,0.0,0.0,0.0,0.0,0.0,0.0,0.0,0.0,0.0
You made a cool fun thing and you should be proud. I wish I had more time to spend with it.,0.0,0.0,1.0,0.0,0.0,0.0,0.0,0.0,0.0,0.0,0.0,0.0,0.0,0.0
"Overstock if you have to, but get as many playdates out as posible. Its getting alot of buzz and atention right now, but its hard to recomend this system to someone when they might not get it until mid 2023.",0.0,0.0,1.0,0.0,0.0,1.0,0.0,0.0,0.0,0.0,0.0,0.0,0.0,0.0
Itâ€™s a bit too small to hold comfortably for long periods ,0.0,1.0,0.0,0.0,0.0,0.0,0.0,0.0,0.0,0.0,0.0,0.0,0.0,0.0
"Think about crank accessibility. Iâ€™ve had the Playdate less than a week (4 season one games so far) and my wrist already is hurting. My RSI might keep from being able to fully enjoy my Playdate, and it doesnâ€™t have to be that way. ",0.0,1.0,0.0,0.0,0.0,0.0,0.0,0.0,0.0,0.0,0.0,0.0,0.0,0.0
I have only positive feedback. Everything has been terrific. I'm so impressed. Wow.,0.0,0.0,1.0,0.0,0.0,0.0,0.0,0.0,0.0,0.0,0.0,0.0,0.0,0.0
Text-heavy games aren't very fun to play due to the display size.  Gameplay-focused games shine best on the system and ought to be a focus for season 2 if possible.,0.0,1.0,0.0,1.0,0.0,0.0,0.0,0.0,0.0,0.0,0.0,0.0,1.0,0.0
Keep being amazing.,0.0,0.0,1.0,0.0,0.0,0.0,0.0,0.0,0.0,0.0,0.0,0.0,0.0,0.0
I would love some more compact tutorial/demo content. I want to make more things!,0.0,0.0,1.0,0.0,0.0,0.0,0.0,1.0,0.0,1.0,0.0,0.0,0.0,0.0
Keep up the great work! Season two please!,0.0,0.0,1.0,1.0,0.0,0.0,0.0,0.0,0.0,0.0,0.0,0.0,1.0,0.0
Just make sure to keep on going and never give up on the device. People will always come back to enjoy some cute games and have a good time. And maybe try to find a way to do online multiplayer when a lot more people have their playdates. ,0.0,0.0,1.0,0.0,0.0,0.0,0.0,0.0,0.0,1.0,0.0,0.0,0.0,0.0
Stay quirky :),0.0,0.0,1.0,0.0,0.0,0.0,0.0,0.0,0.0,0.0,0.0,0.0,0.0,0.0
Take a look on QA,1.0,1.0,0.0,0.0,0.0,0.0,0.0,0.0,0.0,0.0,0.0,0.0,0.0,0.0
Maybe lower the price for the units and speed the shipment cycle... ,0.0,0.0,0.0,0.0,0.0,1.0,0.0,0.0,0.0,0.0,0.0,0.0,0.0,0.0
"Really interesting project you guys have started! I'm very excited to see where it goes and am glad to see that preorders did so well, even if it means I now have to wait.",0.0,0.0,1.0,0.0,0.0,0.0,0.0,0.0,0.0,0.0,0.0,0.0,0.0,0.0
Thank you for all the hell and high water your team went through (I heard the podcast) to put this in my life.  I don't even touch my Playstation anymore.  Just Playdate and Oculus.,0.0,0.0,1.0,0.0,0.0,0.0,0.0,0.0,0.0,0.0,0.0,0.0,0.0,0.0
"The price is WAY too high, it's insane.",1.0,0.0,0.0,0.0,0.0,0.0,0.0,0.0,0.0,0.0,0.0,0.0,0.0,0.0
"The Playdate is weird enough of a videogame device to me that I want one, despite not being much of a videogame person myself (I'm more of a comics, illustrated novel, and technology kind of person myself).",0.0,0.0,1.0,0.0,0.0,0.0,0.0,0.0,0.0,0.0,0.0,0.0,0.0,0.0
keep on crankin,0.0,0.0,1.0,0.0,0.0,0.0,0.0,0.0,0.0,0.0,0.0,0.0,0.0,0.0
A limited color version in the distant future could be sick. Similar progression to gameboy.,0.0,0.0,0.0,0.0,0.0,0.0,0.0,0.0,0.0,0.0,1.0,0.0,0.0,0.0
Great start on a risky concept. I look forward to improvements and the future of Play date as a platform for unique gaming concepts.,0.0,0.0,1.0,0.0,0.0,0.0,0.0,0.0,0.0,0.0,0.0,0.0,0.0,0.0
I'd like more videos about the playdate so I can share playdate news with my friends sometimes. ,0.0,0.0,0.0,0.0,0.0,0.0,0.0,1.0,0.0,0.0,0.0,0.0,0.0,0.0
"Would like more information on the future of Play date (stereo dock, catalog, season 2)",0.0,0.0,0.0,1.0,0.0,0.0,1.0,1.0,0.0,0.0,0.0,0.0,1.0,0.0
Please improve your assistance support,1.0,0.0,0.0,0.0,0.0,0.0,0.0,1.0,0.0,0.0,0.0,0.0,0.0,0.0
Good product,0.0,0.0,1.0,0.0,0.0,0.0,0.0,0.0,0.0,0.0,0.0,0.0,0.0,0.0
Take care.,0.0,0.0,1.0,0.0,0.0,0.0,0.0,0.0,0.0,0.0,0.0,0.0,0.0,0.0
I love you guys for making this happen. Retro gaming is awesome.,0.0,0.0,1.0,0.0,0.0,0.0,0.0,0.0,0.0,0.0,0.0,0.0,0.0,0.0
Go for it !  You know what I mean.,0.0,0.0,1.0,0.0,0.0,0.0,0.0,0.0,0.0,0.0,0.0,0.0,0.0,0.0
"Panic, great job!! What a beautiful idea! Community-driven games! Thank you, this is great",0.0,0.0,1.0,0.0,0.0,0.0,0.0,0.0,0.0,0.0,0.0,0.0,0.0,0.0
ðŸ’›ðŸ’›ðŸ’›,0.0,0.0,1.0,0.0,0.0,0.0,0.0,0.0,0.0,0.0,0.0,0.0,0.0,0.0
"I checked every box in the ""what tags do you want to see"" because I want to see *everything* for this console. The community is so healthy and active and y'all did such a great job building it up before the console even launched.
Untitled Goose Sequel, please",0.0,0.0,1.0,0.0,0.0,0.0,0.0,0.0,0.0,0.0,0.0,0.0,0.0,0.0
"I love my playdate, but I think it should have had a backlit screen. Sometimes itâ€™s hard to see. ",0.0,0.0,1.0,0.0,1.0,0.0,0.0,0.0,0.0,0.0,0.0,0.0,0.0,0.0
None I think it's fine,0.0,0.0,1.0,0.0,0.0,0.0,0.0,0.0,0.0,0.0,0.0,0.0,0.0,0.0
That I wish they cared more about their long time supports and their current customers.,1.0,0.0,0.0,0.0,0.0,0.0,0.0,0.0,0.0,0.0,0.0,0.0,0.0,0.0
"I love Panic. I wanna see some major success. The console just isn't the right fit for me and I'm a little saddened by it. I was so eager with all the big names but as more info came out I got less and less enthusiastic. Ultimately I find myself looking like the ""but why"" meme. 

Monochrome display, low processing power, and a battery that only 'fits the need'. I want color I want something beefy and long lasting. I pretty much just want a gameboy 2. Powerful brick.

I feel like the niche you're aiming for is filled or could be done better by collaboration with a different entity than teenage engineering. (even just slapping some yellow paint on a Miyoo Mini would be cool XD)

Good Luck in the future! ",0.0,1.0,0.0,0.0,1.0,0.0,0.0,0.0,0.0,0.0,0.0,0.0,0.0,0.0
I think it needs a killer puzzle game app. IDK if Pack pup is it. Something using the crank preferably that can ONLY be on here. Or an rpg or bigger game that is a must have. You need your pokemon/tetris.,0.0,0.0,0.0,1.0,0.0,0.0,0.0,0.0,0.0,0.0,0.0,0.0,0.0,0.0
The gimmick is fun but you guys really need to get better about how you communicate with your customers and community.The slow drip of games for people who are already months behind your preferred customers are forced to wait even longer to get access to what you have already taken their money for. More options for your customers don't somehow diminish your gimmick. ,0.0,0.0,0.0,1.0,0.0,0.0,0.0,1.0,0.0,0.0,0.0,0.0,0.0,0.0
"I would prefer more communication! Aside from that, I'm pretty satisfied.",0.0,0.0,1.0,0.0,0.0,0.0,0.0,1.0,0.0,0.0,0.0,0.0,0.0,0.0
Love them being bold and different,0.0,0.0,1.0,0.0,0.0,0.0,0.0,0.0,0.0,0.0,0.0,0.0,0.0,0.0
Awesome job!,0.0,0.0,1.0,0.0,0.0,0.0,0.0,0.0,0.0,0.0,0.0,0.0,0.0,0.0
A second season and continued support ,0.0,0.0,0.0,1.0,0.0,0.0,0.0,0.0,0.0,0.0,0.0,0.0,1.0,0.0
I love this little thing. It's just so amazing.,0.0,0.0,1.0,0.0,0.0,0.0,0.0,0.0,0.0,0.0,0.0,0.0,0.0,0.0
Great job! Looking forward to the dock,0.0,0.0,1.0,0.0,0.0,0.0,1.0,0.0,0.0,0.0,0.0,0.0,0.0,0.0
"The lack of backlight on the screen makes it uncomfortable to play my playdate for more than a few minutes in my home. In a room I would be comfortable reading in, the playdate screen makes me feel queasy.

I have only had a good time playing outside during the daylight. I do not know what a solution for this would be, but I would love to not find playing my playdate painful.",0.0,0.0,0.0,0.0,1.0,0.0,0.0,0.0,0.0,0.0,0.0,0.0,0.0,0.0
At least acknowledge I'm still in some sort of support queue and don't just dump my support request into a bottomless pit,0.0,0.0,0.0,0.0,0.0,0.0,0.0,1.0,0.0,0.0,0.0,0.0,0.0,0.0
cool,0.0,0.0,1.0,0.0,0.0,0.0,0.0,0.0,0.0,0.0,0.0,0.0,0.0,0.0
"Iâ€™ve seen lots of impatient comments from people on the subreddit and twitter, I hope youâ€™re getting just as many positive messages because you guys are doing a great job! I canâ€™t wait to get my playdate!",0.0,0.0,1.0,0.0,0.0,0.0,0.0,0.0,0.0,0.0,0.0,0.0,0.0,0.0
Great job,0.0,0.0,1.0,0.0,0.0,0.0,0.0,0.0,0.0,0.0,0.0,0.0,0.0,0.0
I would have never known about it if Betty Hoopâ€™s husband Alec Robbins didnâ€™t post an early one on his Instagram stories ,1.0,0.0,0.0,0.0,0.0,0.0,0.0,0.0,0.0,0.0,0.0,0.0,0.0,0.0
More games please ,0.0,0.0,0.0,1.0,0.0,0.0,0.0,0.0,0.0,0.0,0.0,0.0,0.0,0.0
Love the console and the ethos behind it. ,0.0,0.0,1.0,0.0,0.0,0.0,0.0,0.0,0.0,0.0,0.0,0.0,0.0,0.0
Great job!,0.0,0.0,1.0,0.0,0.0,0.0,0.0,0.0,0.0,0.0,0.0,0.0,0.0,0.0
"Some mini variation of sorts of Untitled Goose Game on play date, WHEN? ",1.0,0.0,0.0,0.0,0.0,0.0,0.0,0.0,0.0,0.0,0.0,0.0,0.0,0.0
"I love my playdate , thank you so much ",0.0,0.0,1.0,0.0,0.0,0.0,0.0,0.0,0.0,0.0,0.0,0.0,0.0,0.0
"Would love to see a better way of managing sideloaded software updates, Bluetooth audio, rugged case option, perhaps a future version with back-light.",0.0,1.0,0.0,0.0,0.0,0.0,0.0,0.0,1.0,0.0,0.0,0.0,0.0,1.0
"They're probably tired of hearing it, but I wish there was some sort of lighting solution for the screen so I could play in a dimmed setting. ",0.0,0.0,0.0,0.0,1.0,0.0,0.0,0.0,0.0,0.0,0.0,0.0,0.0,0.0
You guys nailed it. Be proud. It's a wonderful device.,0.0,0.0,1.0,0.0,0.0,0.0,0.0,0.0,0.0,0.0,0.0,0.0,0.0,0.0
Please consider a worm light accessory ,0.0,0.0,0.0,0.0,1.0,0.0,0.0,0.0,0.0,0.0,0.0,0.0,0.0,0.0
Awesome work on making this happen!,0.0,0.0,1.0,0.0,0.0,0.0,0.0,0.0,0.0,0.0,0.0,0.0,0.0,0.0
"In my neck of the woods, availability seems to be the main problem, often cutting enthusiasm short. ",0.0,0.0,0.0,0.0,0.0,1.0,0.0,0.0,0.0,0.0,0.0,0.0,0.0,0.0
Gambatte,1.0,0.0,0.0,0.0,0.0,0.0,0.0,0.0,0.0,0.0,0.0,0.0,0.0,0.0
Keep up the great work! ,0.0,0.0,1.0,0.0,0.0,0.0,0.0,0.0,0.0,0.0,0.0,0.0,0.0,0.0
Wondering what repair options look like outside of warranty time frame,0.0,1.0,0.0,0.0,0.0,0.0,0.0,0.0,0.0,0.0,0.0,1.0,0.0,0.0
Neven Mrgan's involvement on the unofficial discord forum is what convinced me to preorder the product. Having someone around to answer questions  gave me so much confidence in the project. His messaging on discord during preorder is also the only reason I managed to scrape into the tail end of group 2 when it all went south for international buyers.,0.0,0.0,0.0,0.0,0.0,0.0,0.0,1.0,0.0,0.0,0.0,0.0,0.0,0.0
More official communication from Panic. They've gotten quiet for a few months now.,0.0,0.0,0.0,0.0,0.0,0.0,0.0,1.0,0.0,0.0,0.0,0.0,0.0,0.0
Playdate makes me very happy! Every Monday was a delight.,0.0,0.0,1.0,0.0,0.0,0.0,0.0,0.0,0.0,0.0,0.0,0.0,0.0,0.0
"Please for the love of god, if you can get the Poolsuite guys to reject their previous commitment to Web3 and NFTs, try to talk some sense into them",1.0,0.0,0.0,0.0,0.0,0.0,0.0,0.0,0.0,0.0,0.0,0.0,0.0,0.0
Curate a great catalogue of games ,0.0,0.0,1.0,1.0,0.0,0.0,0.0,0.0,0.0,0.0,0.0,0.0,0.0,0.0
A uniform store to access/update games,0.0,0.0,0.0,1.0,0.0,0.0,0.0,0.0,1.0,0.0,0.0,0.0,0.0,0.0
You are amazing.,0.0,0.0,1.0,0.0,0.0,0.0,0.0,0.0,0.0,0.0,0.0,0.0,0.0,0.0
