comment,Other,Too Frequent,Too Slow,Catch Up Feature,General Positive,General Negative,Don't Like Waiting,Neutral,Later Orders Missing Out
"For future seasons, players may hold off buying it until they see a game they like.
If week 8 comes out and they find there is a game they just MUST play.
They might be annoyed that they will have to wait a long time.

So buying said games outside of the season or having the option to ""Catch up"" might be worth while.",0.0,0.0,0.0,1.0,0.0,0.0,0.0,0.0,0.0
Love getting two new games a week It's fun to see the purple light each week. ,0.0,0.0,0.0,0.0,1.0,0.0,0.0,0.0,0.0
Having game releases staggered according to each user‚Äôs activation date rather than released at the same time for everyone diminishes the community aspect of play; I would prefer to be able to play games at the same time my friend in group 1 is able to ,0.0,0.0,0.0,1.0,0.0,0.0,0.0,0.0,0.0
It would be nice to be able to jump ahead to join friends who got their Playdate earlier.,0.0,0.0,0.0,1.0,0.0,0.0,0.0,0.0,0.0
"It doesn't really make sense for a console launch, even if deliveries weren't delayed.",0.0,0.0,0.0,0.0,0.0,1.0,0.0,0.0,0.0
i wish they slowed down delivery after the first couple weeks to make it last even longer,0.0,0.0,1.0,0.0,0.0,0.0,0.0,0.0,0.0
please add manuals to all games either in game or as qr code to web,1.0,0.0,0.0,0.0,0.0,0.0,0.0,0.0,0.0
It works well enough,0.0,0.0,0.0,0.0,1.0,0.0,0.0,0.0,0.0
"Basing it on when the device is activated vs. when the account activates the device is AWFUL. After my replacement device arrived, I had to have Panic manually crank me up to the current week. It's a fun mechanic while you're in it, AWFUL if you replace your device.",0.0,0.0,0.0,1.0,0.0,0.0,0.0,0.0,0.0
I absolutely love having two games a week. It prevents burnout or choice paralysis.,0.0,0.0,0.0,0.0,1.0,0.0,0.0,0.0,0.0
Really fun!,0.0,0.0,0.0,0.0,1.0,0.0,0.0,0.0,0.0
"I try the two games, get bored, it sits around unused for four to six days until the next Monday, another one day of fun. Nothing for side load is a killer app, or is something that I would spend more than $1 on/play for hours and hours. ",0.0,0.0,0.0,0.0,0.0,1.0,0.0,0.0,0.0
"I did experience a week without games, but it has worked well otherwise.",1.0,0.0,0.0,0.0,1.0,0.0,0.0,0.0,0.0
"It's fun getting the new games every week, no issues with it",0.0,0.0,0.0,0.0,1.0,0.0,0.0,0.0,0.0
"It sounds fun, although I don't have mine yet.  I like the idea of new games on a regular basis though.",0.0,0.0,0.0,0.0,1.0,0.0,0.0,0.0,0.0
"Starting with only two games was a little limiting, but the weekly cadence of adding new experiences is great",1.0,0.0,0.0,0.0,1.0,0.0,0.0,0.0,0.0
Every week is too often for me!,0.0,1.0,0.0,0.0,0.0,0.0,0.0,0.0,0.0
"Seasons should be ordered by week, not by order of install",1.0,0.0,0.0,0.0,0.0,0.0,0.0,0.0,0.0
It's so much fun.  YAY NEW GAMES EVERY WEEK until I've reached critical mass of games I like,0.0,0.0,0.0,0.0,1.0,0.0,0.0,0.0,0.0
i like the concept but it doesn't work well for me because of wifi issues. my playdate is usually not connected to the internet,1.0,0.0,0.0,0.0,1.0,0.0,0.0,0.0,0.0
It fits in the spirit of the console and the types of games,0.0,0.0,0.0,0.0,1.0,0.0,0.0,0.0,0.0
Wish I could fast forward to catch up with earlier orders so that I could be in on the new release hype instead of having to avoid the spoilers,0.0,0.0,0.0,1.0,0.0,0.0,0.0,0.0,0.0
It keeps things exciting! ,0.0,0.0,0.0,0.0,1.0,0.0,0.0,0.0,0.0
I love the concept,0.0,0.0,0.0,0.0,1.0,0.0,0.0,0.0,0.0
"I would have liked to ‚Äúsync up‚Äù with a friend who received theirs a week sooner. First week selection was poor, I‚Äôd have preferred a ‚Äústart with a bang‚Äù approach with four or six games at the start. ",0.0,0.0,0.0,1.0,0.0,0.0,0.0,0.0,0.0
I felt kind of bad for people who got their system later,0.0,0.0,0.0,1.0,0.0,0.0,0.0,0.0,1.0
"Keep it up, give options to slow down delivery cadence so if we're slower to digest we don't get overwhelmed.",0.0,1.0,0.0,0.0,1.0,0.0,0.0,0.0,0.0
Love it! ,0.0,0.0,0.0,0.0,1.0,0.0,0.0,0.0,0.0
Please do a season 2! ,0.0,0.0,0.0,0.0,1.0,0.0,0.0,0.0,0.0
Just not for me,0.0,0.0,0.0,0.0,0.0,1.0,0.0,0.0,0.0
(along with Panic) disappointed that all player's are not lined up together,0.0,0.0,0.0,0.0,0.0,0.0,0.0,0.0,0.0
"How is this economically viable, omg?",1.0,0.0,0.0,0.0,0.0,0.0,0.0,0.0,0.0
"I think that the season system is really fun, but I think the discussion in the discord that they should not start everyone at the beginning, and should instead move the season games to Catalog after they release so people can go buy them there is correct. Obviously that wasn't possible for season 1, but I think it would be a better way forward than continuing the current system.",0.0,0.0,0.0,0.0,0.0,1.0,0.0,0.0,0.0
Love getting new games every week,0.0,0.0,0.0,0.0,1.0,0.0,0.0,0.0,0.0
I'm in a group beyond 5 so can't answer because I have not received my playdate,0.0,0.0,0.0,0.0,0.0,0.0,0.0,0.0,0.0
"It's great! I love being able to sideload games and have downloaded an unbelievable amount, but receiving a curated selection once a week is like a fun surprise because I don't know what's coming ",0.0,0.0,0.0,0.0,1.0,0.0,0.0,0.0,0.0
"I love the idea of seasons, but could be spaced out a little more? Two games a week is a lot",0.0,1.0,0.0,0.0,0.0,0.0,0.0,0.0,0.0
"It's impossible for me to have an opinion because I still don't have my ""early 2022"" playdate",0.0,0.0,0.0,0.0,0.0,0.0,0.0,0.0,0.0
"Being able to be drip-fed, wait not so patiently, and be forced to play some games before others is awesome!",0.0,0.0,0.0,0.0,1.0,0.0,0.0,0.0,0.0
I love it - but also wish there was a catch-up option. ,0.0,0.0,0.0,1.0,1.0,0.0,0.0,0.0,0.0
"It avoids overwhelming me with options, encourages me to spend more time with each individual game, and gives me something to look forward to.",0.0,0.0,0.0,0.0,1.0,0.0,0.0,0.0,0.0
"The games are too lite to be released like this. Also, the quality is very inconsistent. The fact there hasn't been a season 2 announced has left me with little faith in the long term health of the platform and has me considering selling my system.",0.0,0.0,0.0,0.0,0.0,1.0,0.0,0.0,0.0
Great system. Loving having new games to play/try every week,0.0,0.0,0.0,0.0,1.0,0.0,0.0,0.0,0.0
making it optional would be nice for people who don't like it.,0.0,0.0,0.0,0.0,0.0,0.0,1.0,0.0,0.0
The blinking light is too bright! It wakes me up early.,1.0,0.0,0.0,0.0,0.0,0.0,0.0,0.0,0.0
I might have preferred one game a week for 24 weeks.,0.0,1.0,0.0,0.0,0.0,0.0,0.0,0.0,0.0
Please be more seasons!,0.0,0.0,0.0,0.0,1.0,0.0,0.0,0.0,0.0
None at the moment.,0.0,0.0,0.0,0.0,0.0,0.0,0.0,0.0,0.0
I only hate it cus it seems like it‚Äôs only fun for those that got the system. I imagine that by the time I get mine it won‚Äôt even be fun to go onto discord to talk about releases. ,0.0,0.0,0.0,0.0,0.0,0.0,0.0,0.0,1.0
"It‚Äôs great because it gives me to complete my games before the next ones come out, but also if I complete them early I get bored and can‚Äôt wait for the next Monday",0.0,0.0,0.0,0.0,1.0,0.0,0.0,0.0,0.0
"Very fun! Love the anticipation and reveal of getting new games, discovering them with my friend and the community, and having something to look forward to on Mondays!",0.0,0.0,0.0,0.0,1.0,0.0,0.0,0.0,0.0
I hope that more seasons release in the future!,0.0,0.0,0.0,0.0,1.0,0.0,0.0,0.0,0.0
"Initially i really liked the idea, however in practice I found I was picking up the device less than i thought I would as the games did not have a lot of depth to sustain a full week.",0.0,0.0,1.0,0.0,0.0,0.0,0.0,0.0,0.0
Worried I‚Äôm missing out because I don‚Äôt have the system yet,0.0,0.0,0.0,0.0,0.0,0.0,0.0,0.0,1.0
May get old for those getting devices in 2023,0.0,0.0,0.0,0.0,0.0,0.0,0.0,0.0,1.0
Not all of my games auto downloaded,1.0,0.0,0.0,0.0,0.0,0.0,0.0,0.0,0.0
Super unique and I want it to continue!,0.0,0.0,0.0,0.0,1.0,0.0,0.0,0.0,0.0
"It's well done, and forces users to take room to try out each game.",0.0,0.0,0.0,0.0,1.0,0.0,0.0,0.0,0.0
love it but wish I could get more sooner when a week of games isn't quite up my alley,0.0,0.0,0.0,0.0,1.0,0.0,1.0,0.0,0.0
"I like the idea & it's fun. But, I also like choices.",0.0,0.0,0.0,0.0,1.0,0.0,0.0,0.0,0.0
I don't really care about it. I want to download and play indie games. ,0.0,0.0,0.0,0.0,0.0,1.0,0.0,0.0,0.0
Fun idea! ,0.0,0.0,0.0,0.0,1.0,0.0,0.0,0.0,0.0
"Neither of the 2 first games in Season 1 hooked me, so I didn't spend much time playing the console the first week",0.0,0.0,1.0,0.0,0.0,1.0,0.0,0.0,0.0
I like that I'm getting new games every week but my buddy got his a week later so he can't play them when I play them.,0.0,0.0,0.0,1.0,1.0,0.0,0.0,0.0,0.0
I prefer to buy games i like and develop my own games,0.0,0.0,0.0,0.0,0.0,1.0,0.0,0.0,0.0
"I havent had a chance yet to really experiance it without owning the system, so I cant really answer",0.0,0.0,0.0,0.0,0.0,0.0,0.0,0.0,0.0
It's not bad but things really need to be designed so that there aren't too many droughts for people.,0.0,0.0,1.0,0.0,0.0,0.0,0.0,0.0,0.0
keeps me engaged and excited for what is to come,0.0,0.0,0.0,0.0,1.0,0.0,0.0,0.0,0.0
Updating on Monday as opposed to on the weekend is weird ,1.0,0.0,0.0,0.0,0.0,0.0,0.0,0.0,0.0
"I understand that it can be a bit of a hard sell for some people, but I honestly don't mind. There are plenty of games I can side load onto the console.",0.0,0.0,0.0,0.0,0.0,0.0,0.0,1.0,0.0
Good pacing and balance of games. Will be helped by more visibility of 3rd party games.,0.0,0.0,0.0,0.0,1.0,0.0,0.0,0.0,0.0
Options for people to fast forward would be nice,0.0,0.0,0.0,1.0,0.0,0.0,0.0,0.0,0.0
I give some games more of a chance than I would otherwise,0.0,0.0,0.0,0.0,1.0,0.0,0.0,0.0,0.0
Maybe a way to opt out of the delivery system and instead get all of the games at once,0.0,0.0,0.0,0.0,0.0,0.0,1.0,0.0,0.0
"i feel like 2 games a week was definitely a good choice
if you bounce off one game, you're able to try the other new one
and maybe come back to the other game later
it always is a nice lil surprise when new game day comes around and see some new games :3",0.0,0.0,0.0,0.0,1.0,0.0,0.0,0.0,0.0
I do think people who got their systems later should be able to catch up,0.0,0.0,0.0,1.0,0.0,0.0,0.0,0.0,0.0
More seasons would be the best!,0.0,0.0,0.0,0.0,1.0,0.0,0.0,0.0,0.0
It's A Fun And Unique Way To Show What The Playdate Has To Offer! And Especially When It's Linked To Every Individual Giving Everyone A Taste Of The Experience.,0.0,0.0,0.0,0.0,1.0,0.0,0.0,0.0,0.0
"While I like the idea of trickling out the games, I am finding I don't check in regularly to see the new releases. That may be more of not having a regular schedule that currently fits the Playdate's use case though (working from home, no commute, etc.)",0.0,0.0,0.0,0.0,0.0,1.0,0.0,0.0,0.0
"They're coming out too fast haha! I don't have time to play them all, I have a large backlog",0.0,1.0,0.0,0.0,0.0,0.0,0.0,0.0,0.0
"I really like getting the happiness of each Monday release, but the first few weeks were VERY slow and dry, and definitely killed some of the excitement I had for the console. Especially being an early adopter, there was almost no content besides tech demos available at the time, which was really deflating. So it‚Äôs a mixed bag from me. Seasonal delivery was fun‚Ä¶ once I had a few more solid games under my belt. But it definitely needed some more stuff packed in at the start.",0.0,0.0,1.0,0.0,0.0,0.0,0.0,0.0,0.0
"It's a great system, but ultimately I'm going to play these games when I get to them not necessarily on the prescribed schedule.",0.0,1.0,0.0,0.0,1.0,0.0,0.0,0.0,0.0
"I hope that it's done again, it's genuinely exciting to look forward to each new delivery of games. An accompanying newsletter or zine would be very cool and on brand, in my opinion.",0.0,0.0,0.0,0.0,1.0,0.0,0.0,0.0,0.0
Hopefully in the future it will be easier to decide when and how your season progresses to time it up with friends getting playdates as they become available.,0.0,0.0,0.0,1.0,0.0,0.0,0.0,0.0,0.0
"It works great, but some of the games are not my cup of tea",0.0,0.0,0.0,0.0,1.0,0.0,0.0,0.0,0.0
I think it's perfect - I fell behind on the releases but I never felt overwhelmed with choice! feels like a new console release,0.0,0.0,0.0,0.0,1.0,0.0,0.0,0.0,0.0
"I hope they do it again! Even if not every game clicks with me, having them come in gradually means I'm trying them all--if I got 24 games at once I probably wouldn't ",0.0,0.0,0.0,0.0,1.0,0.0,0.0,0.0,0.0
"Still on the first week, but I like the concept.",0.0,0.0,0.0,0.0,1.0,0.0,0.0,0.0,0.0
"It kind of sucks that the season's games are only unlocked once the Playdate is registered, given that so many will be playing at different times. Subsequent seasons will be enjoyable as a collective.",0.0,0.0,0.0,1.0,0.0,0.0,0.0,0.0,0.0
"The games come in a bit too often for me to play them all, I am already behind",0.0,1.0,0.0,0.0,0.0,0.0,0.0,0.0,0.0
I wish we were all on the same schedule. Season 2 will be great. ,0.0,0.0,0.0,1.0,0.0,0.0,0.0,0.0,0.0
I wish there were no spoilers at all,1.0,0.0,0.0,0.0,0.0,0.0,0.0,0.0,0.0
i actually wish it was one game at a time,0.0,1.0,0.0,0.0,0.0,0.0,0.0,0.0,0.0
The games come a tad too slowly? If we only relied on season 1 for games I wouldve blown through both of the weekly games. Maybe Drop one Monday then Wednesday night to piece it out more or include a longer game with a shorter/experimental one. ,0.0,0.0,1.0,0.0,0.0,0.0,0.0,0.0,0.0
"It's a neat idea. If I ever feel like it's not enough or its a bad week, itch.io always has a some new game.",0.0,0.0,0.0,0.0,1.0,0.0,0.0,0.0,0.0
"It would have been nice to have the option to get all at once/ opt out of seasonal format. However, it is nice being pleasantly surprised on Mondays",0.0,0.0,0.0,0.0,1.0,0.0,1.0,0.0,0.0
"Two a week is almost too much! I have so much stuff on my games backlog already, adding two a week is wild.",0.0,1.0,0.0,0.0,0.0,0.0,0.0,0.0,0.0
Would prefer if the two games arrived on different days of the week. But overall I like it a lot.,1.0,0.0,0.0,0.0,1.0,0.0,0.0,0.0,0.0
Nope ,0.0,0.0,0.0,0.0,0.0,1.0,0.0,0.0,0.0
"A fun idea. I hope they continue the seasons, and bring in more talented developers.",0.0,0.0,0.0,0.0,1.0,0.0,0.0,0.0,0.0
"Would like 4 games initially, then 1/week after. ",1.0,1.0,0.0,0.0,0.0,0.0,0.0,0.0,0.0
More seasons please!,0.0,0.0,0.0,0.0,1.0,0.0,0.0,0.0,0.0
It's brilliant!! I think that's why playdate was able to get so many devs on board compared to other indie handhelds.,0.0,0.0,0.0,0.0,1.0,0.0,0.0,0.0,0.0
Very slow at first. Now fun to get more. ,1.0,0.0,1.0,0.0,0.0,0.0,0.0,0.0,0.0
I finally look forward to Mondays!,0.0,0.0,0.0,0.0,1.0,0.0,0.0,0.0,0.0
I think it's fun and unique.,0.0,0.0,0.0,0.0,1.0,0.0,0.0,0.0,0.0
Don‚Äôt change no matter what people say. Get to a place where we can all be surprised together when new games come out. No press previews to spoil the surprise.,0.0,0.0,0.0,0.0,1.0,0.0,0.0,0.0,0.0
I thought it was great for indie devs - owners have a shiny new device but are only getting two new games a week. Big opportunity for third party games.,0.0,0.0,0.0,0.0,1.0,0.0,0.0,0.0,0.0
"Getting two at a time feels ideal. They‚Äôre usually pretty different games, so if one isn‚Äôt for me, the other will almost always be a hit. It‚Äôs also the right amount of material such that I feel like I‚Äôm *just* a little behind without feeling overwhelmed.",0.0,0.0,0.0,0.0,1.0,0.0,0.0,0.0,0.0
Love it,0.0,0.0,0.0,0.0,1.0,0.0,0.0,0.0,0.0
I love that new games come every Monday.,0.0,0.0,0.0,0.0,1.0,0.0,0.0,0.0,0.0
It would have been much better if they had more stock. Maybe season 2 will be more cohesive. I do like how you are not overwhelmed with choice.,0.0,0.0,0.0,0.0,1.0,0.0,0.0,0.0,0.0
I love it. Would be willing to pay for additional seasons. ,0.0,0.0,0.0,0.0,1.0,0.0,0.0,0.0,0.0
It's great,0.0,0.0,0.0,0.0,1.0,0.0,0.0,0.0,0.0
I really like the idea but it might drive my crazy after I‚Äôve tried it (haven‚Äôt recived playdate),0.0,0.0,0.0,0.0,0.0,0.0,0.0,0.0,0.0
"It‚Äôs okay. I‚Äôd rather have all the games at once, since most of these games take at most an hour to finish. ",0.0,0.0,0.0,0.0,0.0,0.0,1.0,0.0,0.0
"I think it's an interesting system for game dissemination, but it leaves something to be desired. It will certainly keep me using the console longer, though. ",0.0,0.0,0.0,0.0,0.0,0.0,0.0,1.0,0.0
"2 games at a time feels good, but would be happy with 3-4 per week if they were very small games (like Whitewater wipeout). 1 per week would definitely not be enough. ",0.0,0.0,0.0,0.0,1.0,0.0,0.0,0.0,0.0
The diversity of games (and developers) is brilliant.,0.0,0.0,0.0,0.0,1.0,0.0,0.0,0.0,0.0
"It'd be much more fun if the original idea had been possible, where everyone was on the same schedule. Barring that, it would have been nice to be able to adjust my schedule to match my friends.",0.0,0.0,0.0,1.0,0.0,0.0,0.0,0.0,0.0
"I didn‚Äôt really like the first two games at all. Later games have been much better, with a few I really love, but it stunk to have new shiny with meh games that first week.",0.0,0.0,1.0,0.0,0.0,0.0,0.0,0.0,0.0
"I like the concept, but I know I'll be impatient for the new games. Actually, exploring sideloaded content and device testing my projects will probably keep me busy while I wait for each week's new games.",0.0,0.0,0.0,0.0,1.0,0.0,0.0,0.0,0.0
Pick pack pup ,1.0,0.0,0.0,0.0,0.0,0.0,0.0,0.0,0.0
It's really fun!  Waking up and seeing the new games waiting for me is quite exciting.,0.0,0.0,0.0,0.0,1.0,0.0,0.0,0.0,0.0
It‚Äôs unique and gives me time to enjoy each release without feeling overwhelmed.,0.0,0.0,0.0,0.0,1.0,0.0,0.0,0.0,0.0
"Too slow, too many fillers",0.0,0.0,1.0,0.0,0.0,0.0,0.0,0.0,0.0
Defy content binge culture. Force stakeholders to salivate. ,0.0,0.0,0.0,0.0,1.0,0.0,0.0,0.0,0.0
Fun to get new games weekly. Some weeks are boring,0.0,0.0,0.0,0.0,1.0,0.0,0.0,0.0,0.0
It would be nice if you could go at your own pace. ,0.0,0.0,0.0,0.0,0.0,0.0,1.0,0.0,0.0
"It skipped a week for me, and I have often had to manually download games. Also every game should come with a manual, there are several I just don't understand how to play, like the haunted house summoning game. ",1.0,0.0,0.0,0.0,0.0,0.0,0.0,0.0,0.0
Don't want to wait each week,0.0,0.0,0.0,0.0,0.0,0.0,1.0,0.0,0.0
"Will be nice when everyone is in sync, maybe more games per week",0.0,0.0,1.0,1.0,0.0,0.0,0.0,0.0,0.0
"Fun having new games every week! Sometimes I love them, sometimes they're not for me.",0.0,0.0,0.0,0.0,1.0,0.0,0.0,0.0,0.0
"Great way to nudge players to explore available games and try new things, without forcing them to do so for unreasonable amounts of time",0.0,0.0,0.0,0.0,1.0,0.0,0.0,0.0,0.0
I didn't really like the surfing game or the music loops game and that's all I have right now. I'm mostly just playing Casual Birder and making my own stuff,0.0,0.0,0.0,0.0,0.0,0.0,0.0,1.0,0.0
"This maybe helps to prevent an endless ‚Äúunplayed‚Äù backlog, a little.",0.0,0.0,0.0,0.0,1.0,0.0,0.0,0.0,0.0
I'd actually prefer one game a week... Busy with life :'),0.0,1.0,0.0,0.0,0.0,0.0,0.0,0.0,0.0
Please have more seasons!,0.0,0.0,0.0,0.0,1.0,0.0,0.0,0.0,0.0
"Seems OK, not seen it yet as not received mine yet. ",0.0,0.0,0.0,0.0,0.0,0.0,0.0,0.0,0.0
Absolutely love it,0.0,0.0,0.0,0.0,1.0,0.0,0.0,0.0,0.0
Great idea,0.0,0.0,0.0,0.0,1.0,0.0,0.0,0.0,0.0
I definitely enjoy the system. It's fun to have small games to ingest each week.,0.0,0.0,0.0,0.0,1.0,0.0,0.0,0.0,0.0
Some of the first season‚Äôs games are truly terrible,1.0,0.0,0.0,0.0,0.0,0.0,0.0,0.0,0.0
"Love it, it keeps things fresh and interesting. I'd love if halfway through the season it slowed down to one game per week or provided the option to pause it a week.",0.0,1.0,0.0,0.0,0.0,0.0,0.0,0.0,0.0
"Perfect way to deliver the ‚Äúofficial selection‚Äù of games, but I also love being able to side load other games too. ",0.0,0.0,0.0,0.0,1.0,0.0,0.0,0.0,0.0
A year of waiting for my playdate. My friends got it because I was a few minutes late on placing my order because of problems with shipping adress.,0.0,0.0,0.0,0.0,0.0,0.0,0.0,0.0,0.0
"In the UK timezone they haven't been downloaded yet when you wake up in the morning at 8am on Monday. They're available but you have to go in the settings. I know not everyone can be downloading them at once but maybe it could be cool to have the option for priority delivery idk

Other than that I'm really liking it a lot",0.0,0.0,0.0,0.0,1.0,0.0,0.0,0.0,0.0
it would be nice if there was a way to bypass it,0.0,0.0,0.0,0.0,0.0,0.0,1.0,0.0,0.0
"Personally i would have preferred another day for delivering, but it's not really a problem.",0.0,0.0,0.0,0.0,1.0,0.0,0.0,0.0,0.0
"It's a good system, I enjoy the drip feed of games.",0.0,0.0,0.0,0.0,1.0,0.0,0.0,0.0,0.0
Neutral,0.0,0.0,0.0,0.0,0.0,0.0,0.0,1.0,0.0
"I like it, keeps things new and exciting. I hope more seasons will be released after the first one.",0.0,0.0,0.0,0.0,1.0,0.0,0.0,0.0,0.0
I think the delivery delays kind of ruined a lot of the point of it. I hope season 2 is able to release in the way originally envisioned.,0.0,0.0,0.0,1.0,0.0,0.0,0.0,0.0,0.0
maybe do 2 different days if you keep the twice a week model,1.0,0.0,0.0,0.0,1.0,0.0,0.0,0.0,0.0
"It's something a bit different, and the whole point of this console is that it's something a bit different, so I think it makes a lot of sense.",0.0,0.0,0.0,0.0,1.0,0.0,0.0,0.0,0.0
"It's perfect. I'm not overwhelmed by the games available, I have found my favourites and I dip into the new games when they arrive. ",0.0,0.0,0.0,0.0,1.0,0.0,0.0,0.0,0.0
Great way to not be overloaded with too many games and be surprised each week!,0.0,0.0,0.0,0.0,1.0,0.0,0.0,0.0,0.0
none,0.0,0.0,0.0,0.0,0.0,0.0,0.0,0.0,0.0
Higher quality than I was expecting!,0.0,0.0,0.0,0.0,1.0,0.0,0.0,0.0,0.0
"I wish it was a rolling season, so if you got it 3 weeks late you start on week 3 games and then wont get week 1 or 2 until their week 11 and 12. Then there would be a bit more community involvement imo. Next season should be a lot smoother for it though :3",1.0,0.0,0.0,1.0,0.0,0.0,0.0,0.0,0.0
I like the thought that people may play games they would otherwise avoid if they are sitting on them for a week. This is exciting to me!,0.0,0.0,0.0,0.0,1.0,0.0,0.0,0.0,0.0
"From what I've read, it sounds like a great system to gradually encounter new games",0.0,0.0,0.0,0.0,1.0,0.0,0.0,0.0,0.0
"pretty great, enjoyed the most of the games I've received so far! including ones I probably wouldn't've bought by themselves",0.0,0.0,0.0,0.0,1.0,0.0,0.0,0.0,0.0
I hope it‚Äôs used for a 2nd season,0.0,0.0,0.0,0.0,1.0,0.0,0.0,0.0,0.0
love it so much. hope we will have more seasons,0.0,0.0,0.0,0.0,1.0,0.0,0.0,0.0,0.0
I'd love a way to get more of the water-cooler conversation with people starting the season when I do. I've avoided reading up on games to be delighted and surprised as they roll out to me.,0.0,0.0,0.0,1.0,0.0,0.0,0.0,0.0,0.0
It's good,0.0,0.0,0.0,0.0,1.0,0.0,0.0,0.0,0.0
Keep it up! Season 2 for $10-15!,0.0,0.0,0.0,0.0,1.0,0.0,0.0,0.0,0.0
Sounds neat; have yet to see how it plays out in practice. I'm a little worried about missing games if I don't play fast enough.,0.0,1.0,0.0,0.0,0.0,0.0,0.0,0.0,0.0
Not experienced yet so no comment,0.0,0.0,0.0,0.0,0.0,0.0,0.0,0.0,0.0
It's great! The only reason I didn't give it the full 5/5 is I find some of the week 1/2 choices a bit questionable as an early welcome for new owners‚Ä¶,0.0,0.0,0.0,0.0,1.0,0.0,0.0,0.0,0.0
"I'm not particularly interested in it, but I do find it works well for what it is.",0.0,0.0,0.0,0.0,0.0,0.0,0.0,0.0,0.0
It‚Äôs genius. I love how it funnels attention towards new things at a regular rate without being confusing ,0.0,0.0,0.0,0.0,1.0,0.0,0.0,0.0,0.0
"I love the idea, but I also wish I had some consistently interesting (to me) games on there. I have a few from itch.io, but it'd be awesome to have something to keep my attention while I'm waiting for new games to come out.",0.0,0.0,1.0,0.0,0.0,0.0,0.0,0.0,0.0
I'm excited to see if more seasons will be distributed. I know Panic wants to eventually make a built-in shop.,0.0,0.0,0.0,0.0,1.0,0.0,0.0,0.0,0.0
"i think it made more sense to keep the community interested and discussing, but now that third party games are out it doesnt seem like theres much point to it (also since i just got mine i cant play games other people got to play months ago lol)",0.0,0.0,0.0,0.0,0.0,0.0,0.0,1.0,0.0
I like the games- coming every week but some have been kinda meh (they can't all be bangers). Curious to see how pricing will be handled for future seasons.,0.0,0.0,0.0,0.0,1.0,0.0,0.0,0.0,0.0
"The only real gripe I had was that the first two games really didn't do a lot for me - so I was kinda just waiting for the next group of games..... Otherwise, it is a neat idea.  ",0.0,0.0,0.0,0.0,1.0,0.0,0.0,0.0,0.0
New game day is awesome. Seeing the light on Monday morning is a fun thing to wake up to. I'm sad the season is over.,0.0,0.0,0.0,0.0,1.0,0.0,0.0,0.0,0.0
It's cool but the list quickly gets realy long,0.0,1.0,0.0,0.0,0.0,0.0,0.0,0.0,0.0
"I'm not super into the two games available right off the bat, which has let the steam out of my sails a bit.",0.0,0.0,0.0,0.0,0.0,0.0,0.0,1.0,0.0
It's such a fun surprise every monday. I almost wish it could be one game on monday then the second on like wednesday to spread out the joy.,0.0,0.0,0.0,0.0,1.0,0.0,0.0,0.0,0.0
"I'd have prefered one game on a Monday, the next one on a Thursday each week. Just to make the wait less painful. :)",1.0,0.0,0.0,0.0,0.0,0.0,0.0,0.0,0.0
Genius idea,0.0,0.0,0.0,0.0,1.0,0.0,0.0,0.0,0.0
I wish I could opt out,0.0,0.0,0.0,0.0,0.0,0.0,1.0,0.0,0.0
I like the weekly release although it‚Äôs unfortunate that not everyone is on the same week. It never seemed like a real possibility regardless of chip availability. ,0.0,0.0,0.0,1.0,1.0,0.0,0.0,0.0,0.0
"For season one, I like two games at a time because of the initial lack of games to play, but now that there are so many indie created games alongside the 24 season one games, I think future seasons could be one game a week, or even different themed seasons (ie. visual novels, sports, arcade, etc) could work. I don't have strong feelings for or against a season.  It is exciting having EVERYONE playing the same game and having a similar point of reference to talk about.",1.0,0.0,0.0,0.0,1.0,0.0,0.0,0.0,0.0
"I think it's interesting, I think I like the fact that when I eventually receive mine I won't be overwhelmed with all the already released games at once.",0.0,0.0,0.0,0.0,0.0,0.0,0.0,0.0,0.0
I am generally liking the fact that soemthing new (to me) is being tried with the delivery system.,0.0,0.0,0.0,0.0,1.0,0.0,0.0,0.0,0.0
"It seems slightly imperfect when unboxing to only have the first two games ‚Äì¬†in particular if they aren't your jam. 

Sideloading pretty much solves that for me though.",0.0,0.0,0.0,0.0,1.0,0.0,0.0,0.0,0.0
unique and lets me enjoy / reflect on each game. makes mondays exciting!,0.0,0.0,0.0,0.0,1.0,0.0,0.0,0.0,0.0
I'd actually be okay with one game a week rather than two. I don't find I have enough time to properly play both in the same week.,0.0,1.0,0.0,0.0,0.0,0.0,0.0,0.0,0.0
It's awesome. And you folks have done a great job curating games!,0.0,0.0,0.0,0.0,1.0,0.0,0.0,0.0,0.0
"I love the season - spacing out games per week made me actually try out all of the games at least a small amount. I do wish the games came out in a different order, but overall I loved the season idea.",0.0,0.0,0.0,0.0,1.0,0.0,0.0,0.0,0.0
"Love the idea & always look forward to the new game day, but has led to some weeks that feel like ""duds"" if you don't connect with the new ones",0.0,0.0,0.0,0.0,1.0,0.0,0.0,0.0,0.0
"It's a really cool idea but a bummer at the beginning when you only have a few games - what if none of them catch your fancy? I turned to sideloading community made games to broaden my initial library as none of my four official titles have really engaged me in the same way, but offering a bigger base of games before the weekly delivery could be one solution. ",1.0,0.0,0.0,0.0,1.0,0.0,0.0,0.0,0.0
It would be cool if we could set when we wanted new games delivered. Sometimes a week isnt enough and now we have a too many games problem.,0.0,1.0,0.0,0.0,0.0,0.0,0.0,0.0,0.0
I love it! Don't change a thing. How long between seasons though? I think 2 seasons a year would be ideal.,0.0,0.0,0.0,0.0,1.0,0.0,0.0,0.0,0.0
"I wasn't sure I was going to like the ""season game delivery"", but now I absolutely look forward to getting new games on Monday, and LOVE it. For some reason, I thought there would be an option to just get all the season one games at once if I wanted, and if I'd had that option, I would absolutely have done it. But I'm kinda glad I didn't. This way, I think I'm incentivized to give each game more than one ""chance"" throughout the week.",0.0,0.0,0.0,0.0,1.0,0.0,0.0,0.0,0.0
"I like it, I think it allows developers to reach more people with their games. Of course, a regular store on top of it makes sense",0.0,0.0,0.0,0.0,1.0,0.0,0.0,0.0,0.0
"I'm still in week one, but I love the cadence of two games per week, as it gives me time to playthrough them without overloading me with a giant library all at once. I finished Casual Birder, and have been playing Whitewater Wipeout, and casually sideloading games from Itch.io as I go.",0.0,0.0,0.0,0.0,1.0,0.0,0.0,0.0,0.0
"I dunno yet, but I think I'll like it!",0.0,0.0,0.0,0.0,0.0,0.0,0.0,0.0,0.0
Season delivery is the best,0.0,0.0,0.0,0.0,1.0,0.0,0.0,0.0,0.0
Given the staggered roll out it's sometimes been frustrating seeing people on Twitter playing fun games I still have to wait weeks for. I think first batch should've been four games.,1.0,0.0,0.0,0.0,0.0,0.0,0.0,0.0,0.0
Gives you a reason to explore all the games,0.0,0.0,0.0,0.0,1.0,0.0,0.0,0.0,0.0
Would be nice for the first season to just release what has already been released so far when people receive their Playdates rather than waiting the week between so everyone is caught up and can discuss without spoiling anything.,0.0,0.0,0.0,1.0,0.0,0.0,0.0,0.0,0.0
"Knowing new games are coming each week, I find myself trying to keep up with progress in the games I‚Äôve already received. I am a serial game player, starting lots of games and finishing very few of them before new games take over my interest. The bite-size games in playdate inspire me to explore and finish them, which feels satisfying.",0.0,0.0,0.0,0.0,1.0,0.0,0.0,0.0,0.0
I want it to continue‚Ä¶ I‚Äôm sad to see season 1 come to an end I want more. Much more.,0.0,0.0,0.0,0.0,1.0,0.0,0.0,0.0,0.0
Hoping it fits nicely with the small but varied experiences the games provide. I love when companies experiment and try new things - the season delivery is a bold experiment from Panic. Keep going.,0.0,0.0,0.0,0.0,1.0,0.0,0.0,0.0,0.0
Sometimes the week's games aren't very good and then you're left without good games to play. ,0.0,0.0,0.0,0.0,0.0,1.0,0.0,0.0,0.0
"Love it, keeps me engaged ",0.0,0.0,0.0,0.0,1.0,0.0,0.0,0.0,0.0
nice idea,0.0,0.0,0.0,0.0,1.0,0.0,0.0,0.0,0.0
Makes me look forward to Mondays but I still somehow have a backlog,0.0,1.0,0.0,0.0,0.0,0.0,0.0,0.0,0.0
Gives me something to look forward to and forces me to spend more time with games I might have otherwise moved on from sooner,0.0,0.0,0.0,0.0,1.0,0.0,0.0,0.0,0.0
"My brother got his Playdate before me so we were a week apart. We had an experience where he showed me a game from the Season, Inventory Hero, that he liked quite a bit. I didn't know anything about it so it was a cool interaction where he showed me something new that he liked. That moment was cool. Although, I didn't have anything ""new"" to show him since he gets new Season games a week ahead of me. So its been one way for the Season games, he shows me Season games. I find new indie games on Itch.io but they aren't the same. I like the idea of Season games, it does create interesting social interactions. It does leave me with an impression, that the way this is done, is a bit strange. Why not ""Buy into"" the latest released games like how Season Passes work for Fighting games like Smash, Tekken 7. I guess the difference is it immediately introduces a back catalog for new users of games they'll get around to eventually (maybe stress for some?). Which waiting for the week to play the next game you know you want to play (ex. Crankin' Time Adventure) similar adds tension. Not to mention social pressure about games friends are playing but you haven't gotten yet. FOMO is strong. I think adding the option to sync users seasons to whoever has the latest week would be nice. Which would probably add a friend list or some kind of relationship ties between users. For now it's the way it is, stick to your guns üî´ now but maybe reflect on what could be done for other Seasons.",0.0,0.0,0.0,1.0,1.0,0.0,0.0,0.0,1.0
"A bit slow at the beginning, especially with the surfing game not being very long/replayable",0.0,0.0,1.0,0.0,0.0,0.0,0.0,0.0,0.0
I wish it was one game every few days vs two a week,1.0,0.0,0.0,0.0,0.0,0.0,0.0,0.0,0.0
I think it's great. I'd love a future season (maybe after all preorders have been delivered) to be simultaneous with everyone.,0.0,0.0,0.0,0.0,1.0,0.0,0.0,0.0,0.0
Can't wait to be a part of it,0.0,0.0,0.0,0.0,1.0,0.0,0.0,0.0,0.0
"I love the surprise and getting a curated experience. Playing some games I never would‚Äôve tried otherwise and basically all of them have been at least interesting, most being really fun. ",0.0,0.0,0.0,0.0,1.0,0.0,0.0,0.0,0.0
I definitely played some games longer than I would have because I had to wait for the next pair of games. And then I discovered some of the titles I'd written off because they weren't well explained I actually had a fun time playing.,0.0,0.0,0.0,0.0,1.0,0.0,0.0,0.0,0.0
"I don‚Äôt have a Playdate yet, so I‚Äôll be knowing more at that time.",0.0,0.0,0.0,0.0,0.0,0.0,0.0,0.0,0.0
IDK not have playdate yet,0.0,0.0,0.0,0.0,0.0,0.0,0.0,0.0,0.0
Season 2 please,0.0,0.0,0.0,0.0,1.0,0.0,0.0,0.0,0.0
It would be nice to select a different delivery day for new games.,1.0,0.0,0.0,0.0,0.0,0.0,0.0,0.0,0.0
In group 1 the few weeks the few games didn't keep my attention for long + there wasn't as much community games created yet. Now there's plenty,1.0,0.0,0.0,0.0,0.0,0.0,0.0,0.0,0.0
love it,0.0,0.0,0.0,0.0,1.0,0.0,0.0,0.0,0.0
The notification light flashes at midnight and is very distracting. I would love if it waited til 6:00 am before flashing.,1.0,0.0,0.0,0.0,0.0,0.0,0.0,0.0,0.0
Its gonna be even more awesome come S2. When the community is in sync. ,0.0,0.0,0.0,1.0,0.0,0.0,0.0,0.0,0.0
I don't appreciate that the season only starts after you turn on your console,0.0,0.0,0.0,0.0,0.0,1.0,0.0,0.0,0.0
"Frankly I don't like not being able to choose my games. It's okay for now because I considered that I mainly paid for the console for the first season, but I won't pay for a bunch of games imposed on me, especially if they're not of better quality than the first season. But even then, there are games that I am just not interested in, and I think the Playdate, more than any other console, is the platform where I want to have the opportunity to support only the developers whom I like. It feels a bit corporate and scummy to have a selection of games forced in me, when I don't know anything about the review process, or their quality. I don't mean this as a disparaging comment. I understand that you want to try a new model, but it's not for me. I think a genuine online shop where I can buy my games is a must.",0.0,0.0,0.0,0.0,0.0,1.0,0.0,0.0,0.0
"It would be better if more people had the system, but that's not possible given covid ",0.0,0.0,0.0,1.0,0.0,0.0,0.0,0.0,0.0
Awesome idea and works very well in practice,0.0,0.0,0.0,0.0,1.0,0.0,0.0,0.0,0.0
Great! It works without any problems and it's cool getting new stuff all the time.,0.0,0.0,0.0,0.0,1.0,0.0,0.0,0.0,0.0
"It's working well for me! I love the unplanned surprise. That said, I have sometimes wished I'd known when I'd get more games/software on it, but having a couple endlessly replayable short loop games on it (Whitewater Wipeout, Pick Pack Pup) has made that less pressing. Before that I was concerned about pacing myself with story driven games (not to say they aren't replayable of course).",0.0,0.0,0.0,0.0,1.0,0.0,0.0,0.0,0.0
I think it's a neat way to bundle games together! I hope that once everyone who wants a playdate has it we can all have a new season together.,0.0,0.0,0.0,0.0,1.0,0.0,0.0,0.0,0.0
"Interesting, but not very compelling",0.0,0.0,0.0,0.0,0.0,1.0,0.0,0.0,0.0
Pairing one lighter game with one heavier game is nice. ,0.0,0.0,0.0,0.0,1.0,0.0,0.0,0.0,0.0
I like it since I end up playing all of the games and not rushing and skipping out on ones I don't have interest in. ,0.0,0.0,0.0,0.0,1.0,0.0,0.0,0.0,0.0
I like that you get something new every week and you are more likely to give each game a fair shot.,0.0,0.0,0.0,0.0,1.0,0.0,0.0,0.0,0.0
"It's too early to be sure, I'm not sure if I'm getting all the season 1 games once I received my device. Piracy is also a concern from a developer point of view",0.0,0.0,0.0,0.0,0.0,0.0,0.0,1.0,0.0
Very interesting concept and I look forward to seeing what future seasons will look like! I think a HumbleBundle style could be a good way to do it - pay what you want and unlock more games if you decide to pay higher than the average.,0.0,0.0,0.0,0.0,1.0,0.0,0.0,0.0,0.0
It's perfect.  Can't wait for Season 2!,0.0,0.0,0.0,0.0,1.0,0.0,0.0,0.0,0.0
"I am on the fence. I love it if each season is like season 1, but if they end up charging some crazy amount for future seasons, it would be grounds to sell.",0.0,0.0,0.0,0.0,0.0,0.0,0.0,1.0,0.0
I like how it encourages the community energy.,0.0,0.0,0.0,0.0,1.0,0.0,0.0,0.0,0.0
"I previously had Nintendo DSi some years back and got bored of it because I would get tired of some games and had to keep buying more games, whereas with Playdate seasons, I could theoretically pay one price, then games get delivered weekly and lots of other people get it at around the same time, they play them, I play them (if I can actually get a real Playdate!), and we all talk about it, much like seasons of animated TV programmes and their respective fandoms (if they exist).",0.0,0.0,0.0,0.0,1.0,0.0,0.0,0.0,0.0
it will be really cool if there's a season 2 and everyone actually starts at the same time,0.0,0.0,0.0,0.0,1.0,0.0,0.0,0.0,0.0
made me look forward to Mondays,0.0,0.0,0.0,0.0,1.0,0.0,0.0,0.0,0.0
Hope for a season 2 and beyond,0.0,0.0,0.0,0.0,1.0,0.0,0.0,0.0,0.0
It‚Äôs exciting and should be used in the future.,0.0,0.0,0.0,0.0,1.0,0.0,0.0,0.0,0.0
Love the surprise,0.0,0.0,0.0,0.0,1.0,0.0,0.0,0.0,0.0
"it seems i have always to refresh my game list to get the games, and this remove a little from the experience.",0.0,0.0,0.0,0.0,1.0,0.0,0.0,0.0,0.0
It's neat.,0.0,0.0,0.0,0.0,1.0,0.0,0.0,0.0,0.0
I am hoping it will help me savor the games as they come out rather than binge at the start and burn out. Getting a new one every couple weeks will be more exciting than having it pre-loaded.,0.0,0.0,0.0,0.0,1.0,0.0,0.0,0.0,0.0
Game delivery is actually awesome. Just wake it up :] I like it,0.0,0.0,0.0,0.0,1.0,0.0,0.0,0.0,0.0
You can‚Äôt see the notification light with the cover on so I missed I have new games every week ,1.0,0.0,0.0,0.0,0.0,0.0,0.0,0.0,0.0
"I like how it was a curated list, making it effectively ""random"" to me encouraged me to try everything because I didn't know what I was going to get!",0.0,0.0,0.0,0.0,1.0,0.0,0.0,0.0,0.0
No it's fine,0.0,0.0,0.0,0.0,1.0,0.0,0.0,0.0,0.0
I'd like more notice or notifications when new games come out? I'm not always on Twitter so it'd be nice to get those kinds of updates elsewhere like via email or right in the console itself.,1.0,0.0,0.0,0.0,0.0,0.0,0.0,0.0,0.0
All season one games are now released and I will entirely miss out on the surprise and the communal experience thanks to the international ordering debacle.,1.0,0.0,0.0,0.0,0.0,0.0,0.0,0.0,0.0
Seems like it got spoiled really fast. Some people are still getting their systems. Donno how they stay spoiler free while keeping up to date with the playdate news.,1.0,0.0,0.0,0.0,0.0,0.0,0.0,0.0,0.0
Might be frustrating to some. Main reason I try to stay spoiler free.,1.0,0.0,0.0,0.0,0.0,0.0,0.0,0.0,0.0
"Mid on it right now. I like it in concept, but think possibly the releases should have been swapped around a bit. Week 2 was slow to me.",0.0,0.0,0.0,0.0,0.0,0.0,0.0,1.0,0.0
"I like the system, but wish I could choose which day of the week I receive games!",0.0,0.0,0.0,0.0,1.0,0.0,0.0,0.0,0.0
Give your paying customers the option to get what they paid for all at once rather than being made to wait. User choice.,0.0,0.0,0.0,0.0,0.0,0.0,1.0,0.0,0.0
"I think its really fun! Was one of the reasons I bought the console. After 2 or 3 weeks you really get into a groove where you don't even really think about them arriving. It just becomes a treat where you wake up and see that purple light on a Monday morning and go ""oh yeah, new games."" ",0.0,0.0,0.0,0.0,1.0,0.0,0.0,0.0,0.0
The system seems to allow all games to get a chance to be played,0.0,0.0,0.0,0.0,1.0,0.0,0.0,0.0,0.0
I love it. I did sideload game from the start. I don't mind it will be a total of 12 weeks before I have all the S1 games. It's cool idea keeping me going back for the conceal ,0.0,0.0,0.0,0.0,1.0,0.0,0.0,0.0,0.0
I wish they came a little quicker. Casual Birdwatcher and Wave runner are great starting games but I felt myself get burnt out on the latter pretty quickly. Thank goodness for sideload games or I would have put the PD down days ago,0.0,0.0,1.0,0.0,0.0,0.0,0.0,0.0,0.0
"I was more excited about the prospect of discovering games alongside friends as in the initial pitch.

This time I felt games came too frequently for me to bother trying out games I didn‚Äôt jive with. There was no one I wanted to talk to so I just didn‚Äôt play. 

Early season RPGs didn‚Äôt really align to what I wanted to play.",0.0,1.0,0.0,0.0,0.0,0.0,0.0,0.0,0.0
I can't give any feedback because my playdate arrived broken and have not received any support,0.0,0.0,0.0,0.0,0.0,0.0,0.0,0.0,0.0
felt kinda slow and pairing seemed odd,0.0,0.0,1.0,0.0,0.0,0.0,0.0,0.0,0.0
"I would have preferred everyone getting the games at the same time, rather than the season starting when you get your unit. I understand it kinda had to be this way with the extended delivery times across the 50,000 ordered units, I hope that there is a season 2 and that everyone is on the same schedule ",0.0,0.0,0.0,1.0,0.0,0.0,0.0,0.0,0.0
Love the idea of surprise games,0.0,0.0,0.0,0.0,1.0,0.0,0.0,0.0,0.0
I‚Äôll love it when we‚Äôre all receiving them at the same time (assuming there is a second season). I‚Äôve been anticipating some of the games having seen others get them which maybe takes away from the fun.,1.0,0.0,0.0,0.0,0.0,0.0,0.0,0.0,0.0
Too many games; I felt overwhelmed ,0.0,1.0,0.0,0.0,0.0,0.0,0.0,0.0,0.0
I like the idea. My concern is running out of data,0.0,0.0,0.0,0.0,1.0,0.0,0.0,0.0,0.0
I love the Season Delivery. I think it might be kinda cool to make the 2 games random out of the pool of games. Kind of like a Gachapon where you turn the crank on a virtual Playdate shaped Gachapon Machine. And you get 2 ‚Äúplays‚Äù a week. Representing the 2 games you get for the week. Might just be a fun delivery system and a bit fun to randomize it. Or maybe even just make it an option to receive the games randomized. ,0.0,0.0,0.0,0.0,1.0,0.0,0.0,0.0,0.0
I would pay for a season 2 . Please make more ,0.0,0.0,0.0,0.0,1.0,0.0,0.0,0.0,0.0
I like the excitement of getting new games but who decided to make the delivery day Monday?,0.0,0.0,0.0,0.0,1.0,0.0,0.0,0.0,0.0
I‚Äôd like to see an option to pause the season incase a life event dictates you aren‚Äôt likely to be playing games at a specific timeframe. I love the expectation of new games and savoring the releases.,0.0,0.0,0.0,1.0,1.0,0.0,0.0,0.0,0.0
I wish I could pick the order of games I got to unlock.,0.0,0.0,0.0,0.0,0.0,0.0,1.0,0.0,0.0
Not sure if I would rather like 24 weeks with 1 game every week.,0.0,1.0,0.0,0.0,0.0,0.0,0.0,0.0,0.0
It works well with the style of games and provides a novel experience ,0.0,0.0,0.0,0.0,1.0,0.0,0.0,0.0,0.0
It's too slow.,0.0,0.0,1.0,0.0,0.0,0.0,0.0,0.0,0.0
Weekly cycle is a bit much. Biweekly or monthly would have been better I feel. ,0.0,1.0,0.0,0.0,0.0,0.0,0.0,0.0,0.0
"I think I like it, not being fed with too many games at once, downside is that many games are already spoiled",0.0,0.0,0.0,0.0,1.0,0.0,0.0,0.0,0.0
I hope there's a season 2!,0.0,0.0,0.0,0.0,1.0,0.0,0.0,0.0,0.0
Would prefer the option to get games all at once. ,0.0,0.0,0.0,0.0,0.0,0.0,1.0,0.0,0.0
Great idea against binging all at once. Hopefully they can make it work for everyone at the same time for season 2.,0.0,0.0,0.0,0.0,1.0,0.0,0.0,0.0,0.0
It's great! I hope we get a season two.,0.0,0.0,0.0,0.0,1.0,0.0,0.0,0.0,0.0
"It works! I often find that I don't wake up to games already installed though, and I'm not sure if that's a fault of my wi-fi or if the system is just too shy to commit to a download",0.0,0.0,0.0,0.0,1.0,0.0,0.0,0.0,0.0
It‚Äôs fun but slow.,0.0,0.0,1.0,0.0,0.0,0.0,0.0,0.0,0.0
"Since we get two games it would be cool to span them apart during the week. I.e. one on Monday, one on Thursday ",1.0,0.0,0.0,0.0,1.0,0.0,0.0,0.0,0.0
It was fine,0.0,0.0,0.0,0.0,1.0,0.0,0.0,0.0,0.0
