timestamp,fixed,have_playdate,have_ordered
7/8/2022 15:28:16,p-racing,True,True
7/1/2022 12:23:11,,True,True
7/1/2022 12:23:34,bloom,True,True
7/1/2022 12:24:52,,True,True
7/1/2022 12:24:34,,True,True
7/1/2022 12:24:36,,False,True
7/1/2022 12:24:48,,False,False
7/1/2022 12:25:01,,False,True
7/1/2022 12:25:06,,False,True
7/1/2022 12:25:07,,False,False
7/1/2022 12:25:10,,True,True
7/1/2022 12:25:17,,True,True
7/1/2022 12:25:23,,True,True
7/1/2022 12:25:36,,True,True
7/1/2022 12:25:42,,False,True
7/1/2022 12:26:09,rocket bytes,True,True
7/1/2022 12:26:24,,True,True
7/1/2022 12:26:45,,False,True
7/1/2022 12:26:51,,True,True
7/1/2022 12:27:08,,False,True
7/1/2022 12:27:21,,True,True
7/1/2022 12:27:25,,True,True
7/1/2022 12:27:34,,True,True
7/1/2022 12:27:59,,True,True
7/1/2022 12:28:29,other,True,True
7/1/2022 12:28:38,,True,True
7/1/2022 12:28:42,,False,False
7/1/2022 12:29:11,bloom,False,True
7/1/2022 12:29:14,,True,True
7/1/2022 12:29:22,moonward,True,True
7/1/2022 12:29:26,,True,True
7/1/2022 12:29:27,,True,True
7/1/2022 12:29:47,atlantic 41,True,True
7/1/2022 12:29:57,,False,True
7/1/2022 12:29:58,,False,False
7/1/2022 12:30:06,,True,True
7/1/2022 12:30:07,,False,True
7/1/2022 12:30:11,,True,True
7/1/2022 12:30:11,other,False,True
7/1/2022 12:30:22,,False,True
7/1/2022 12:30:30,,True,True
7/1/2022 12:30:31,,True,True
7/1/2022 12:31:04,,True,True
7/1/2022 12:31:26,,False,False
7/1/2022 12:31:33,bloom,True,True
7/1/2022 12:31:42,,True,True
7/1/2022 12:32:01,,True,True
7/1/2022 12:32:03,skwish,True,True
7/1/2022 12:32:06,,True,True
7/1/2022 12:32:36,balanced brew,False,True
7/1/2022 12:32:43,,False,True
7/1/2022 12:32:46,,False,True
7/1/2022 12:32:54,mars after midnight,True,True
7/1/2022 12:32:56,mars after midnight,False,False
7/1/2022 12:33:11,wastebraver tiny survival tale,True,True
7/1/2022 12:33:18,mars after midnight,True,True
7/1/2022 12:33:23,,True,True
7/1/2022 12:33:33,,True,True
7/1/2022 12:33:42,bloom,True,True
7/1/2022 12:33:48,,True,True
7/1/2022 12:33:56,,False,True
7/1/2022 12:34:02,mars after midnight,True,True
7/1/2022 12:34:06,mars after midnight,True,True
7/1/2022 12:34:06,rocket bytes,True,True
7/1/2022 12:34:19,,True,True
7/1/2022 12:34:24,daily driver,True,True
7/1/2022 12:34:37,,True,True
7/1/2022 12:34:50,,False,True
7/1/2022 12:35:25,,True,True
7/1/2022 12:35:42,,True,True
7/1/2022 12:36:45,,True,True
7/1/2022 12:37:04,,True,True
7/1/2022 12:37:18,bloom,True,True
7/1/2022 12:37:36,,True,True
7/1/2022 12:38:02,,True,True
7/1/2022 12:38:03,,True,True
7/1/2022 12:38:41,sparrow solitaire,True,True
7/1/2022 12:38:47,,True,True
7/1/2022 12:38:49,,True,True
7/1/2022 12:39:04,,True,True
7/1/2022 12:39:07,daily driver,False,True
7/1/2022 12:39:25,,False,True
7/1/2022 12:39:30,mobware minigames,True,True
7/1/2022 12:40:07,legend etad,True,True
7/1/2022 12:41:14,legend etad,True,True
7/1/2022 12:41:36,mars after midnight,True,True
7/1/2022 12:42:06,,True,True
7/1/2022 12:42:35,mars after midnight,True,True
7/1/2022 12:42:38,,True,True
7/1/2022 12:42:48,,False,True
7/1/2022 12:43:06,playmaker,True,True
7/1/2022 12:44:02,,True,True
7/1/2022 12:44:02,,True,True
7/1/2022 12:44:09,wastebraver tiny survival tale,False,True
7/1/2022 12:44:39,giles goddard snowboarding,True,True
7/1/2022 12:45:24,,True,True
7/1/2022 12:45:28,,False,True
7/1/2022 12:45:33,,True,True
7/1/2022 12:46:00,,True,True
7/1/2022 12:46:03,poolsuite fm,True,True
7/1/2022 13:12:03,,True,True
7/1/2022 12:47:30,mars after midnight,True,True
7/1/2022 12:48:15,,False,True
7/1/2022 12:48:56,mars after midnight,True,True
7/1/2022 12:49:01,,True,True
7/1/2022 12:49:28,skwish,True,True
7/1/2022 12:49:29,,True,True
7/1/2022 12:49:51,moonward,True,True
7/1/2022 12:49:56,,True,True
7/1/2022 12:50:03,daily driver,True,True
7/1/2022 12:50:46,,True,True
7/1/2022 12:50:48,,False,True
7/1/2022 12:50:51,,False,True
7/1/2022 12:50:53,bloom,False,True
7/1/2022 12:51:03,other,False,True
7/1/2022 12:51:16,,False,True
7/1/2022 12:51:44,,True,True
7/1/2022 12:52:33,giles goddard snowboarding,True,True
7/1/2022 12:52:52,mars after midnight,True,True
7/1/2022 12:53:27,grand tour legends,True,True
7/1/2022 12:53:57,,False,True
7/1/2022 12:54:10,,True,True
7/1/2022 12:54:36,wastebraver tiny survival tale,True,True
7/1/2022 12:55:17,,True,True
7/1/2022 12:55:27,bloom,True,True
7/1/2022 12:55:30,mars after midnight,False,True
7/1/2022 12:56:29,wastebraver tiny survival tale,True,True
7/1/2022 12:57:40,mars after midnight,True,True
7/1/2022 12:58:36,,False,False
7/1/2022 12:59:03,,False,True
7/1/2022 12:59:26,p-racing,True,True
7/1/2022 13:00:41,playmaker,True,True
7/1/2022 13:00:42,,False,True
7/1/2022 13:01:21,,True,True
7/1/2022 13:01:43,wastebraver tiny survival tale,True,True
7/1/2022 13:02:20,,True,True
7/1/2022 13:02:50,,True,True
7/1/2022 13:03:30,,False,False
7/1/2022 13:04:04,,False,True
7/1/2022 13:04:13,voyage,True,True
7/1/2022 13:04:37,mars after midnight,True,True
7/1/2022 13:04:54,,False,True
7/1/2022 13:05:08,,False,True
7/1/2022 13:05:09,,True,True
7/1/2022 13:05:11,,True,True
7/1/2022 13:06:30,,True,True
7/1/2022 13:06:33,,True,True
7/1/2022 13:06:44,,True,True
7/1/2022 13:06:59,silver ball tactics,True,True
7/1/2022 13:07:56,mars after midnight,True,True
7/1/2022 13:10:11,,True,True
7/1/2022 13:11:07,,False,True
7/1/2022 13:11:09,moonward,True,True
7/1/2022 13:11:32,,True,True
7/1/2022 13:12:56,,True,True
7/1/2022 13:13:06,,False,False
7/1/2022 13:13:09,,True,True
7/1/2022 13:14:01,,True,True
7/1/2022 13:15:32,,True,True
7/1/2022 13:16:27,,True,True
7/1/2022 13:17:31,,False,True
7/1/2022 13:17:39,,True,True
7/1/2022 13:18:45,,True,True
7/1/2022 13:19:17,,False,True
7/1/2022 13:19:18,,False,True
7/1/2022 13:20:05,,True,True
7/1/2022 13:20:25,,True,True
7/1/2022 13:22:13,,True,True
7/1/2022 13:21:47,,False,True
7/1/2022 13:22:38,pullfrog,True,True
7/1/2022 13:23:08,wastebraver tiny survival tale,True,True
7/1/2022 13:24:18,,True,True
7/1/2022 13:24:35,,False,True
7/1/2022 13:25:04,,False,True
7/1/2022 13:26:26,,False,True
7/1/2022 13:26:43,,True,True
7/1/2022 13:28:10,mars after midnight,True,True
7/1/2022 13:29:37,,False,True
7/1/2022 13:30:30,,True,True
7/1/2022 13:30:44,,True,True
7/1/2022 13:30:50,mars after midnight,False,True
7/1/2022 13:34:16,,True,True
7/1/2022 13:34:20,playmaker,False,True
7/1/2022 13:34:36,,True,True
7/1/2022 13:35:15,mars after midnight,True,True
7/1/2022 13:36:01,,True,True
7/1/2022 13:37:17,,True,True
7/1/2022 13:37:31,bloom,False,True
7/1/2022 13:37:50,,False,False
7/1/2022 13:38:40,mars after midnight,True,True
7/1/2022 13:38:55,wastebraver tiny survival tale,True,True
7/1/2022 13:39:22,,True,True
7/1/2022 13:40:12,,True,True
7/1/2022 13:40:56,,True,True
7/1/2022 13:42:02,mars after midnight,False,False
7/1/2022 13:42:34,,True,True
7/1/2022 13:43:29,,False,False
7/1/2022 13:45:07,,False,True
7/1/2022 13:46:57,,True,True
7/1/2022 13:46:59,,False,True
7/1/2022 13:47:22,,True,True
7/1/2022 13:57:11,playmaker,True,True
7/1/2022 13:57:29,,False,True
7/1/2022 13:58:34,,True,True
7/1/2022 14:02:57,,True,True
7/1/2022 14:03:41,atlantic 41,True,True
7/1/2022 14:03:43,wastebraver tiny survival tale,False,True
7/1/2022 14:04:10,playmaker,True,True
7/31/2022 20:07:18,silver ball tactics,False,False
7/1/2022 14:06:34,,True,True
7/1/2022 14:07:21,bloom,False,True
7/1/2022 14:08:13,mars after midnight,True,True
7/1/2022 14:09:34,,False,True
7/1/2022 14:09:53,,False,True
7/1/2022 14:10:04,,True,True
7/1/2022 14:10:56,atlantic 41,True,True
7/1/2022 14:11:29,,True,True
7/1/2022 14:13:14,,True,True
7/1/2022 14:14:01,wastebraver tiny survival tale,True,True
7/1/2022 14:14:04,,False,True
7/1/2022 14:14:06,,False,True
7/1/2022 14:15:26,,False,True
7/1/2022 14:17:24,,True,True
7/1/2022 14:18:42,daily driver,True,True
7/1/2022 14:19:19,,True,True
7/1/2022 14:20:31,,True,True
7/1/2022 14:20:33,,True,True
7/1/2022 14:21:20,p-racing,True,True
7/1/2022 14:23:30,,True,True
7/1/2022 14:24:09,,False,True
7/1/2022 14:26:38,,False,True
7/1/2022 14:28:08,,True,True
7/1/2022 14:30:04,wastebraver tiny survival tale,True,True
7/1/2022 14:31:13,,True,True
7/1/2022 14:32:42,daily driver,True,True
7/1/2022 14:33:45,,True,True
7/1/2022 14:35:43,,True,True
7/1/2022 14:36:26,,True,True
7/1/2022 14:36:59,,False,True
7/1/2022 14:37:19,wastebraver tiny survival tale,True,True
7/1/2022 14:39:07,,True,True
7/1/2022 14:39:28,,True,True
7/1/2022 14:40:23,,True,True
7/1/2022 14:41:04,bloom,True,True
7/1/2022 14:43:16,bloom,True,True
7/1/2022 14:43:33,,False,False
7/1/2022 14:47:31,pullfrog,False,True
7/1/2022 14:47:41,other,True,True
7/1/2022 14:50:53,,True,True
7/1/2022 14:52:51,,True,True
7/1/2022 14:53:31,,False,True
7/1/2022 14:55:21,,True,True
7/1/2022 14:55:30,wastebraver tiny survival tale,True,True
7/1/2022 14:57:30,curry rock,True,True
7/1/2022 15:03:39,space kitsune,True,True
7/1/2022 15:03:50,other,True,True
7/1/2022 15:04:06,,True,True
7/1/2022 15:07:34,,False,True
7/1/2022 15:11:27,,True,True
7/1/2022 15:12:00,space kitsune,True,True
7/1/2022 15:12:36,,True,True
7/1/2022 15:13:23,mars after midnight,True,True
7/1/2022 15:13:48,giles goddard snowboarding,True,True
7/1/2022 15:16:13,,True,True
7/1/2022 15:16:34,grand tour legends,True,True
7/1/2022 15:16:46,wastebraver tiny survival tale,True,True
7/1/2022 15:17:15,,False,True
7/1/2022 15:17:48,,True,True
7/1/2022 15:22:28,,True,True
7/1/2022 15:23:32,,True,True
7/1/2022 15:25:43,,False,True
7/1/2022 15:26:06,other,False,False
7/1/2022 15:26:57,giles goddard snowboarding,True,True
7/1/2022 15:30:03,,True,True
7/1/2022 15:33:27,other,False,True
7/1/2022 15:30:05,,True,True
7/1/2022 15:31:43,,True,True
7/1/2022 15:33:14,,True,True
7/1/2022 15:33:59,,True,True
7/1/2022 15:35:28,daily driver,True,True
7/1/2022 15:35:41,,False,True
7/1/2022 15:37:05,,True,True
7/1/2022 15:41:05,mars after midnight,True,True
7/1/2022 15:42:15,,True,True
7/1/2022 15:45:07,daily driver,True,True
7/1/2022 15:46:18,wastebraver tiny survival tale,True,True
7/1/2022 15:49:25,wastebraver tiny survival tale,True,True
7/1/2022 15:49:52,pullfrog,True,True
7/1/2022 15:50:19,wastebraver tiny survival tale,True,True
7/1/2022 15:54:27,,False,True
7/1/2022 15:55:20,grand tour legends,True,True
7/1/2022 15:56:01,,True,True
7/1/2022 15:56:36,,True,True
7/1/2022 15:56:49,p-racing,True,True
7/1/2022 15:58:14,,False,True
7/1/2022 15:58:55,,True,True
7/1/2022 16:05:54,bloom,False,True
7/1/2022 16:08:07,,True,True
7/1/2022 16:08:52,,True,True
7/1/2022 16:22:16,grand tour legends,False,True
7/1/2022 16:27:01,,True,True
7/1/2022 16:30:21,atlantic 41,True,True
7/1/2022 16:45:16,,True,True
7/1/2022 16:45:52,,True,True
7/1/2022 16:49:28,bloom,False,True
7/1/2022 16:50:21,mars after midnight,False,True
7/1/2022 16:55:55,wastebraver tiny survival tale,True,True
7/1/2022 16:58:39,,True,True
7/1/2022 17:03:24,,True,True
7/1/2022 17:06:42,,True,True
7/1/2022 17:15:27,bloom,False,True
7/1/2022 17:15:57,,True,True
7/1/2022 17:16:20,,True,True
7/1/2022 17:22:24,bloom,True,True
7/1/2022 17:27:47,mars after midnight,True,True
7/1/2022 17:34:48,mars after midnight,True,True
7/1/2022 17:36:39,,False,True
7/1/2022 17:38:02,,True,True
7/1/2022 17:38:26,,False,True
7/1/2022 17:38:43,daily driver,False,True
7/1/2022 17:39:30,,True,True
7/1/2022 17:41:10,other,True,True
7/1/2022 17:55:52,,True,True
7/1/2022 17:57:21,,True,True
7/1/2022 18:02:27,other,False,True
7/1/2022 18:02:30,,False,True
7/1/2022 18:03:19,,False,True
7/1/2022 18:04:09,daily driver,True,True
7/1/2022 18:11:41,,False,True
7/1/2022 18:12:39,,True,True
7/1/2022 18:14:41,,True,True
7/1/2022 18:19:59,,True,True
7/1/2022 18:21:42,,True,True
7/1/2022 18:23:46,other,True,True
7/1/2022 18:27:14,,True,True
7/1/2022 18:27:55,,True,True
7/1/2022 18:32:50,,False,False
7/1/2022 18:38:25,,False,True
7/1/2022 18:38:29,other,True,True
7/1/2022 18:40:04,bloom,False,False
7/1/2022 18:41:47,,False,True
7/1/2022 18:43:48,mars after midnight,True,True
7/1/2022 18:43:50,,True,True
7/1/2022 18:49:14,cranner,True,True
7/1/2022 18:55:43,wastebraver tiny survival tale,False,True
7/1/2022 18:57:59,,True,True
7/1/2022 18:58:43,,False,True
7/1/2022 18:59:58,bloom,False,True
7/1/2022 19:00:09,,False,True
7/1/2022 19:02:23,daily driver,True,True
7/1/2022 19:04:18,,True,True
7/1/2022 19:04:25,,False,True
7/1/2022 19:04:59,,False,True
7/1/2022 19:08:04,p-racing,True,True
7/1/2022 19:08:30,,True,True
7/1/2022 19:09:17,wastebraver tiny survival tale,True,True
7/1/2022 19:10:10,other,False,True
7/1/2022 19:10:51,bloom,True,True
7/1/2022 19:12:14,poolsuite fm,True,True
7/1/2022 19:14:28,,True,True
7/1/2022 19:14:28,wastebraver tiny survival tale,False,True
7/1/2022 19:21:08,other,False,True
7/1/2022 19:24:22,,True,True
7/1/2022 19:24:25,voyage,False,True
7/1/2022 19:41:11,,True,True
7/1/2022 19:49:26,voyage,True,True
7/1/2022 19:52:07,,True,True
7/1/2022 19:54:01,,True,True
7/1/2022 19:55:37,,True,True
7/1/2022 20:06:11,playmaker,True,True
7/1/2022 20:07:47,,True,True
7/1/2022 20:10:19,crank turismo,False,True
7/1/2022 20:22:29,,False,True
7/1/2022 20:25:27,,False,True
7/1/2022 20:45:09,mars after midnight,True,True
7/1/2022 20:47:26,,True,True
7/1/2022 20:47:45,,False,True
7/1/2022 20:48:29,bloom,False,True
7/1/2022 20:50:01,,False,False
7/1/2022 21:01:01,,True,True
7/1/2022 21:10:34,,False,False
7/1/2022 21:11:43,,True,True
7/1/2022 21:17:10,,False,True
7/1/2022 21:19:31,,False,True
7/1/2022 21:25:58,pullfrog,False,False
7/1/2022 21:41:04,,True,True
7/1/2022 21:42:11,bloom,False,True
7/1/2022 21:52:08,,False,True
7/1/2022 21:54:58,,True,True
7/31/2022 21:59:58,tapeworm,True,True
7/1/2022 22:00:32,,False,True
7/1/2022 22:03:19,,True,True
7/1/2022 22:13:20,,True,True
7/1/2022 22:27:22,,False,False
7/1/2022 22:31:18,mars after midnight,True,True
7/1/2022 22:31:41,,True,True
7/1/2022 22:32:13,gravity express,True,True
7/1/2022 22:39:14,,True,True
7/1/2022 22:45:26,,False,True
7/1/2022 22:47:14,,True,True
7/1/2022 22:58:31,,True,True
7/1/2022 22:59:09,grand tour legends,False,False
7/1/2022 23:01:52,,False,False
7/1/2022 23:04:37,grand tour legends,True,True
7/1/2022 23:06:40,,False,True
7/1/2022 23:07:37,,False,False
7/1/2022 23:08:03,,False,True
7/1/2022 23:12:33,,False,True
7/1/2022 23:23:22,p-racing,False,True
7/1/2022 23:45:06,,False,True
7/1/2022 23:53:46,,True,True
7/1/2022 23:54:51,voyage,True,True
7/1/2022 23:58:02,bloom,False,True
7/2/2022 0:00:08,,True,True
7/2/2022 0:05:45,mars after midnight,True,True
7/2/2022 0:08:34,,True,True
7/2/2022 0:10:34,,True,True
7/2/2022 0:13:41,,False,True
7/2/2022 0:23:20,,True,True
7/2/2022 0:26:10,,True,True
7/2/2022 0:27:29,crank turismo,True,True
7/2/2022 0:28:26,other,True,True
7/2/2022 0:36:01,,False,True
7/2/2022 0:41:18,,False,False
7/2/2022 0:41:26,,False,True
7/2/2022 0:56:40,,False,True
7/2/2022 0:57:57,mars after midnight,True,True
7/2/2022 1:03:48,,True,True
7/2/2022 1:11:31,,True,True
7/2/2022 1:15:04,,False,True
7/2/2022 1:16:37,,True,True
7/2/2022 1:28:49,,False,False
7/2/2022 1:31:18,,False,True
7/2/2022 1:36:58,,True,True
7/2/2022 1:37:27,wastebraver tiny survival tale,True,True
7/2/2022 1:38:39,,True,True
7/2/2022 1:41:39,,False,True
7/2/2022 1:48:33,,True,True
7/2/2022 1:50:47,wastebraver tiny survival tale,True,True
7/2/2022 1:55:23,,False,False
7/2/2022 1:58:18,wastebraver tiny survival tale,True,True
7/2/2022 2:04:20,,True,True
7/2/2022 2:13:27,daily driver,True,True
7/2/2022 2:18:35,,True,True
7/2/2022 2:20:25,other,True,True
7/2/2022 2:30:37,wastebraver tiny survival tale,True,True
7/2/2022 2:34:22,,False,True
7/2/2022 2:49:08,playmaker,True,True
7/2/2022 2:49:23,wastebraver tiny survival tale,True,True
7/2/2022 2:56:22,,True,True
7/2/2022 2:59:03,,True,True
7/2/2022 3:00:44,,False,True
7/2/2022 3:05:40,bloom,True,True
7/2/2022 3:06:23,grand tour legends,True,True
7/2/2022 3:08:51,,True,True
7/2/2022 3:14:20,,True,True
7/2/2022 3:14:42,mars after midnight,True,True
7/2/2022 3:15:05,,False,True
7/2/2022 3:34:42,wastebraver tiny survival tale,True,True
7/2/2022 3:47:55,,True,True
7/2/2022 3:52:14,wastebraver tiny survival tale,True,True
7/2/2022 3:56:33,daily driver,True,True
7/2/2022 4:08:23,,True,True
7/2/2022 4:11:06,,False,True
7/2/2022 4:13:20,wastebraver tiny survival tale,True,True
7/2/2022 4:15:30,,True,True
7/2/2022 4:23:52,,True,True
7/2/2022 4:27:31,,False,True
7/2/2022 4:27:59,mars after midnight,False,True
7/2/2022 4:33:23,mobware minigames,True,True
7/2/2022 4:43:02,,True,True
7/2/2022 4:48:34,,False,True
7/2/2022 4:48:42,,True,True
7/2/2022 4:50:00,voyage,False,True
7/2/2022 4:59:07,,True,True
7/2/2022 5:07:47,,True,True
7/2/2022 5:19:31,,True,True
7/2/2022 5:41:23,,False,True
7/2/2022 5:46:28,atlantic 41,False,True
7/2/2022 5:57:28,,False,True
7/2/2022 6:01:11,grand tour legends,False,True
7/2/2022 6:07:58,,False,True
7/2/2022 6:18:43,other,True,True
7/2/2022 6:24:40,voyage,True,True
7/2/2022 6:26:34,,True,True
7/2/2022 6:29:13,wastebraver tiny survival tale,True,True
7/2/2022 6:29:48,,False,False
7/2/2022 7:00:39,mars after midnight,True,True
7/2/2022 7:11:08,,True,True
7/2/2022 7:22:58,mars after midnight,True,True
7/2/2022 7:29:43,wastebraver tiny survival tale,True,True
7/2/2022 7:46:44,,False,True
7/2/2022 8:01:49,,False,True
7/2/2022 8:02:16,mars after midnight,True,True
7/2/2022 8:11:56,,True,True
7/2/2022 8:15:14,,True,True
7/2/2022 8:32:10,,False,True
7/2/2022 8:35:44,,False,True
7/2/2022 8:38:16,,False,True
7/2/2022 8:44:44,,True,True
7/2/2022 9:22:37,,True,True
7/2/2022 9:37:30,,False,True
7/2/2022 9:42:32,,False,True
7/2/2022 9:45:30,other,True,True
7/2/2022 9:47:43,,True,True
7/2/2022 9:58:10,pullfrog,True,True
7/2/2022 9:58:58,,True,True
7/2/2022 10:05:52,,False,True
7/2/2022 10:07:13,,False,True
7/2/2022 11:01:15,,False,True
7/2/2022 11:25:26,,True,True
7/2/2022 11:46:59,,True,True
7/2/2022 11:49:52,,False,True
7/2/2022 12:19:25,playmaker,False,True
7/2/2022 13:28:25,bloom,False,True
7/2/2022 13:30:13,,False,True
7/2/2022 14:23:15,,True,True
7/2/2022 14:29:47,,True,True
8/1/2022 6:31:29,,True,True
7/2/2022 15:07:45,wastebraver tiny survival tale,True,True
7/2/2022 16:53:21,,True,True
7/2/2022 16:56:55,faraway fairway,True,True
7/2/2022 17:40:37,,False,True
7/2/2022 17:46:46,wastebraver tiny survival tale,True,True
7/2/2022 18:43:56,,False,True
7/2/2022 18:59:25,,False,False
7/2/2022 19:42:53,,True,True
7/2/2022 21:34:11,,False,True
7/3/2022 4:09:04,,True,True
7/3/2022 4:19:06,,True,True
7/3/2022 5:28:45,grand tour legends,True,True
7/3/2022 5:38:12,,True,True
7/3/2022 6:14:01,,True,True
7/3/2022 6:38:56,grand tour legends,True,True
7/3/2022 7:24:03,,True,True
7/3/2022 7:36:29,,False,True
7/3/2022 9:36:55,hattrick,True,True
7/3/2022 9:45:30,,True,True
7/3/2022 9:59:05,,True,True
7/3/2022 10:11:54,atlantic 41,True,True
7/3/2022 10:12:49,mars after midnight,False,True
7/3/2022 10:14:16,,True,True
7/3/2022 10:37:40,voyage,True,True
7/3/2022 10:42:32,,True,True
7/3/2022 10:43:53,,False,True
7/3/2022 10:56:25,giles goddard snowboarding,True,True
7/3/2022 11:43:18,,False,True
7/3/2022 11:59:36,,True,True
7/3/2022 14:06:16,,False,True
7/3/2022 16:22:23,mars after midnight,True,True
7/3/2022 16:28:01,,True,True
7/3/2022 17:14:04,,True,True
7/3/2022 19:00:22,,False,True
7/3/2022 23:23:58,mars after midnight,False,True
7/4/2022 0:52:58,mars after midnight,True,True
7/4/2022 1:46:56,,False,True
7/4/2022 4:07:22,,True,True
7/4/2022 8:05:42,mars after midnight,True,True
7/4/2022 8:41:45,mars after midnight,True,True
7/4/2022 10:49:19,,True,True
7/4/2022 10:53:23,,False,True
7/4/2022 10:57:14,,True,True
7/4/2022 12:03:38,,True,True
7/4/2022 12:32:17,wastebraver tiny survival tale,True,True
7/4/2022 14:45:38,daily driver,True,True
7/4/2022 16:42:02,atlantic 41,False,True
7/4/2022 18:51:35,,False,True
7/4/2022 19:22:45,,True,True
7/4/2022 22:49:08,,False,True
7/5/2022 2:08:41,,True,True
7/5/2022 2:17:37,,True,True
7/5/2022 3:23:52,,False,True
7/5/2022 3:49:15,,False,True
7/5/2022 4:12:16,,True,True
7/5/2022 6:04:03,,True,True
7/5/2022 6:42:58,,False,True
7/5/2022 6:56:20,,False,True
7/5/2022 8:02:16,daily driver,True,True
7/20/2022 10:51:51,silver ball tactics,False,True
7/5/2022 11:41:01,wastebraver tiny survival tale,True,True
7/5/2022 14:31:24,daily driver,True,True
7/5/2022 14:58:16,mars after midnight,False,True
7/6/2022 0:55:44,,False,True
7/6/2022 3:30:44,,True,True
7/6/2022 4:00:49,,True,True
7/6/2022 8:49:04,,False,True
7/6/2022 10:58:43,tapeworm,True,True
7/6/2022 11:51:23,wastebraver tiny survival tale,True,True
7/6/2022 23:24:49,botanist,True,True
7/7/2022 0:12:02,,False,True
7/7/2022 5:25:38,,True,True
7/7/2022 7:42:02,,False,True
7/7/2022 10:54:24,,True,True
7/7/2022 10:59:09,,True,True
7/7/2022 11:14:27,,True,True
7/7/2022 11:29:50,,True,True
7/7/2022 13:49:56,mars after midnight,True,True
7/7/2022 14:39:21,,True,True
7/7/2022 14:53:52,botanist,True,True
7/7/2022 15:47:32,,True,True
7/7/2022 16:46:58,,True,True
7/7/2022 19:11:34,other,False,False
7/8/2022 3:28:17,,False,True
7/8/2022 3:53:32,mars after midnight,True,True
7/8/2022 3:57:55,,False,True
7/8/2022 7:58:50,,False,True
7/8/2022 9:11:42,,False,True
7/8/2022 9:47:29,bloom,False,True
7/8/2022 15:10:32,atlantic 41,True,True
7/8/2022 16:14:45,,True,True
7/8/2022 16:15:34,wastebraver tiny survival tale,True,True
7/8/2022 23:23:12,giles goddard snowboarding,True,True
7/9/2022 9:07:11,faraway fairway,True,True
7/9/2022 11:04:14,,False,True
7/10/2022 6:43:15,,True,True
7/10/2022 7:58:17,,True,True
7/10/2022 13:23:37,,True,True
7/11/2022 0:16:32,mars after midnight,True,True
7/11/2022 7:49:34,,True,True
7/11/2022 9:13:07,bloom,True,True
7/11/2022 16:18:35,,True,True
7/11/2022 19:00:56,,True,True
7/12/2022 3:11:52,,False,True
7/12/2022 16:07:43,,True,True
7/12/2022 18:38:03,other,True,True
7/13/2022 3:43:02,,True,True
7/13/2022 9:05:30,,True,True
7/13/2022 9:46:21,,False,True
7/13/2022 10:18:19,botanist,True,True
7/13/2022 16:42:11,,True,True
7/14/2022 3:13:39,,True,True
7/14/2022 6:32:03,,True,True
7/14/2022 7:01:45,bloom,True,True
7/14/2022 16:06:16,,True,True
7/14/2022 18:28:32,,True,True
7/15/2022 2:41:37,,True,True
7/15/2022 17:08:37,,False,True
7/16/2022 7:56:09,,True,True
7/16/2022 8:40:03,mars after midnight,False,True
7/17/2022 5:23:30,bloom,False,True
7/17/2022 8:36:53,,True,True
7/18/2022 5:38:09,,True,True
7/18/2022 7:08:05,mars after midnight,False,True
7/19/2022 14:08:02,wastebraver tiny survival tale,False,True
7/19/2022 15:57:11,pullfrog,True,True
7/19/2022 16:27:48,,False,True
7/19/2022 17:30:32,,False,True
7/20/2022 1:09:37,,False,False
7/20/2022 8:23:23,,False,True
7/20/2022 10:29:13,wastebraver tiny survival tale,False,True
7/20/2022 11:05:18,,True,True
7/20/2022 11:15:23,mars after midnight,False,True
7/20/2022 13:13:10,wastebraver tiny survival tale,True,True
7/20/2022 13:48:21,,True,True
7/20/2022 14:48:14,mars after midnight,False,True
7/20/2022 14:57:54,mars after midnight,True,True
7/20/2022 15:32:23,,True,True
7/20/2022 16:27:10,,False,True
7/20/2022 19:33:41,,False,True
7/20/2022 22:05:03,,False,True
7/20/2022 22:41:41,wastebraver tiny survival tale,True,True
7/21/2022 1:13:09,,True,True
7/21/2022 3:49:30,,False,False
7/21/2022 5:07:36,other,True,True
7/21/2022 5:16:57,,False,True
7/21/2022 5:20:47,voyage,True,True
7/21/2022 6:18:14,mars after midnight,True,True
7/21/2022 11:58:56,,False,True
7/21/2022 12:07:55,,False,True
7/21/2022 12:49:47,bloom,False,True
7/21/2022 15:45:36,,True,True
7/21/2022 16:15:57,,False,True
7/21/2022 17:07:05,wastebraver tiny survival tale,True,True
7/21/2022 17:07:29,,True,True
7/22/2022 0:28:58,daily driver,False,True
7/22/2022 15:45:29,wastebraver tiny survival tale,True,True
7/23/2022 3:22:20,mars after midnight,True,True
7/23/2022 3:40:29,,False,False
7/23/2022 8:28:53,,True,True
7/23/2022 11:49:38,mars after midnight,False,True
7/23/2022 13:11:50,,False,False
7/24/2022 4:52:13,,False,True
7/24/2022 6:16:02,,True,True
7/24/2022 6:38:54,,False,True
7/24/2022 15:38:39,wastebraver tiny survival tale,True,True
7/25/2022 2:04:56,,False,True
7/25/2022 23:38:19,,True,True
7/25/2022 23:49:15,,True,True
7/26/2022 9:18:09,wastebraver tiny survival tale,False,False
7/26/2022 16:23:33,,True,True
7/27/2022 10:49:51,,False,True
7/27/2022 12:53:52,,True,True
7/28/2022 1:19:06,wastebraver tiny survival tale,True,True
7/28/2022 3:49:02,bloom,True,True
7/28/2022 8:30:04,,False,True
7/28/2022 18:31:08,,True,True
7/28/2022 19:29:38,bloom,False,True
7/29/2022 17:28:21,botanist,True,True
7/30/2022 4:03:50,wastebraver tiny survival tale,True,True
7/30/2022 9:57:22,,True,True
7/30/2022 10:13:00,,True,True
7/30/2022 18:05:24,other,True,True
7/31/2022 10:50:35,,True,True
7/31/2022 10:59:38,,False,True
7/31/2022 11:17:29,,False,True
7/31/2022 11:43:04,,True,True
7/31/2022 11:50:33,,True,True
7/31/2022 12:26:13,,True,True
7/31/2022 12:39:09,bloom,False,True
7/31/2022 12:46:40,,True,True
7/31/2022 13:14:07,moonward,True,True
7/31/2022 13:58:18,,True,True
7/31/2022 14:22:10,,False,True
7/31/2022 14:38:31,,True,True
7/31/2022 15:19:55,,True,True
7/31/2022 15:28:44,,False,True
7/31/2022 15:43:06,,True,True
7/31/2022 15:44:42,,True,True
7/31/2022 16:24:25,other,True,True
7/31/2022 16:28:57,,True,True
7/31/2022 16:46:45,bloom,True,True
7/31/2022 17:17:35,mars after midnight,True,True
7/31/2022 18:22:26,,False,True
7/31/2022 18:32:26,,False,True
7/31/2022 18:35:26,,False,True
7/31/2022 18:50:32,,True,True
7/31/2022 19:09:08,,True,True
7/31/2022 19:45:58,,True,True
7/31/2022 20:00:24,p-racing,True,True
7/31/2022 20:26:05,,True,True
7/31/2022 20:36:56,,False,True
7/31/2022 20:57:58,,False,True
7/31/2022 21:04:52,,False,False
7/31/2022 21:25:32,,True,True
7/31/2022 21:35:45,mars after midnight,True,True
7/31/2022 23:52:46,atlantic 41,False,True
8/1/2022 0:07:19,,True,True
8/1/2022 2:05:53,daily driver,True,True
8/1/2022 2:49:36,,True,True
8/1/2022 3:24:06,,True,True
8/1/2022 3:26:07,,True,True
8/1/2022 3:41:19,,True,True
8/1/2022 4:13:15,giles goddard snowboarding,True,True
8/1/2022 4:24:56,,True,True
8/1/2022 4:42:14,wastebraver tiny survival tale,True,True
8/1/2022 5:10:13,,False,True
8/1/2022 6:29:13,,True,True
8/1/2022 7:08:02,,True,True
8/1/2022 7:40:59,playmaker,True,True
8/1/2022 7:58:57,,True,True
8/1/2022 10:14:40,,True,True
8/1/2022 11:22:57,legend etad,True,True
8/1/2022 11:59:32,wastebraver tiny survival tale,True,True
8/1/2022 13:57:47,,True,True
8/1/2022 16:05:28,,True,True
