,pdidx,playdate_content
0,0,Twitter
1,0,Reddit
2,0,Offical Playdate Forum
3,0,Playdate wiki
4,0,Discord
5,1,Reddit
6,1,Twitter
7,1,Discord
8,2,Reddit
9,2,Discord
10,2,Itch.io
11,3,Reddit
12,3,Discord
13,3,Itch.io
14,3,Twitter
15,4,Twitter
16,4,Reddit
17,4,Discord
18,4,Itch.io
19,5,Twitter
20,6,Discord
21,6,Offical Playdate Forum
22,6,Twitter
23,7,Discord
24,8,Youtube
25,8,Reddit
26,8,Discord
27,9,Youtube
28,9,Twitter
29,9,Discord
30,9,Itch.io
31,10,Twitter
32,10,Discord
33,11,Reddit
34,11,Playdate wiki
35,11,Discord
36,12,Itch.io
37,12,Playdate wiki
38,12,Twitter
39,12,Reddit
40,12,Discord
41,13,Youtube
42,13,Twitter
43,14,Reddit
44,14,Discord
45,14,Twitter
46,15,Twitter
47,15,Itch.io
48,15,Youtube
49,15,Offical Playdate Forum
50,15,Discord
51,15,Twitch
52,16,Twitter
53,17,Youtube
54,17,Reddit
55,17,Discord
56,18,Offical Playdate Forum
57,18,Discord
58,18,Twitter
59,18,Itch.io
60,18,Reddit
61,19,Playdate wiki
62,19,Discord
63,19,Offical Playdate Forum
64,20,Reddit
65,21,Reddit
66,22,Reddit
67,22,Twitter
68,22,Discord
69,23,Discord
70,23,Reddit
71,24,Discord
72,24,Offical Playdate Forum
73,24,Twitter
74,25,Twitter
75,25,Discord
76,26,Twitch
77,26,Twitter
78,26,Itch.io
79,26,Youtube
80,26,Offical Playdate Forum
81,26,Discord
82,27,Youtube
83,27,Discord
84,27,Twitter
85,27,Reddit
86,28,Discord
87,28,Reddit
88,28,Twitter
89,29,Twitter
90,29,Discord
91,30,Reddit
92,30,Discord
93,30,Twitter
94,31,Offical Playdate Forum
95,31,Discord
96,31,Twitter
97,31,Itch.io
98,32,Discord
99,33,Discord
100,33,Reddit
101,34,Discord
102,34,Offical Playdate Forum
103,34,Reddit
104,34,Youtube
105,34,Twitter
106,34,Itch.io
107,35,Reddit
108,35,Discord
109,36,Discord
110,36,Twitter
111,37,Discord
112,37,Twitter
113,38,Discord
114,38,Reddit
115,38,Twitch
116,39,Twitter
117,39,Offical Playdate Forum
118,40,Discord
119,41,Itch.io
120,41,Reddit
121,42,Reddit
122,42,Twitter
123,43,Youtube
124,43,Twitter
125,43,Discord
126,43,Reddit
127,44,Discord
128,44,Twitter
129,44,Reddit
130,44,Playdate wiki
131,45,Discord
132,45,Itch.io
133,45,Offical Playdate Forum
134,45,Reddit
135,46,Offical Playdate Forum
136,46,Reddit
137,47,Reddit
138,47,Discord
139,47,Offical Playdate Forum
140,48,Discord
141,48,Twitter
142,48,Reddit
143,49,Reddit
144,50,Twitter
145,50,Discord
146,50,Youtube
147,51,Youtube
148,51,Discord
149,52,Reddit
150,52,Youtube
151,52,Twitter
152,52,Discord
153,52,Itch.io
154,53,Reddit
155,53,Discord
156,54,Twitch
157,54,Itch.io
158,54,Discord
159,54,Twitter
160,54,Reddit
161,55,Offical Playdate Forum
162,55,Twitter
163,56,Reddit
164,56,Discord
165,56,Twitter
166,57,Offical Playdate Forum
167,57,Twitter
168,57,Discord
169,57,Reddit
170,57,Itch.io
171,58,Reddit
172,58,Discord
173,58,Offical Playdate Forum
174,59,Reddit
175,59,Discord
176,60,Twitter
177,60,Reddit
178,61,Reddit
179,61,Twitch
180,61,Playdate wiki
181,61,Twitter
182,61,Itch.io
183,61,Discord
184,62,Itch.io
185,62,Reddit
186,63,Twitter
187,63,Discord
188,63,Offical Playdate Forum
189,63,Itch.io
190,64,Discord
191,64,Reddit
192,65,Discord
193,65,Playdate wiki
194,65,Itch.io
195,65,Youtube
196,65,Twitter
197,66,Reddit
198,66,Twitter
199,66,Discord
200,66,Playdate wiki
201,67,Twitter
202,67,Discord
203,68,Itch.io
204,68,Youtube
205,68,Discord
206,68,Reddit
207,69,Reddit
208,69,Twitter
209,70,Reddit
210,70,Discord
211,70,Youtube
212,70,Itch.io
213,71,Twitter
214,72,Itch.io
215,72,Discord
216,73,Twitter
217,73,Discord
218,74,Discord
219,74,Twitter
220,74,Reddit
221,74,Itch.io
222,75,Discord
223,75,Twitter
224,75,Itch.io
225,76,Discord
226,76,Playdate wiki
227,76,Itch.io
228,76,Youtube
229,76,Twitter
230,77,Twitter
231,77,Discord
232,78,Twitter
233,79,Discord
234,79,Twitter
235,79,Itch.io
236,80,Twitter
237,80,Reddit
238,80,Discord
239,81,Playdate wiki
240,81,Discord
241,81,Reddit
242,82,Discord
243,82,Twitter
244,82,Itch.io
245,83,Reddit
246,83,Offical Playdate Forum
247,83,Itch.io
248,83,Discord
249,83,Playdate wiki
250,84,Reddit
251,84,Discord
252,84,Offical Playdate Forum
253,84,Itch.io
254,84,Twitter
255,84,Playdate wiki
256,85,Discord
257,85,Twitter
258,85,Itch.io
259,86,Itch.io
260,86,Youtube
261,86,Reddit
262,87,Itch.io
263,87,Twitter
264,87,Discord
265,88,Reddit
266,89,Discord
267,90,Twitter
268,90,Youtube
269,90,Discord
270,90,Itch.io
271,90,Reddit
272,91,Reddit
273,91,Itch.io
274,91,Offical Playdate Forum
275,91,Discord
276,91,Twitter
277,92,Twitter
278,92,Discord
279,93,Itch.io
280,93,Playdate wiki
281,93,Reddit
282,93,Discord
283,93,Youtube
284,94,Itch.io
285,94,Offical Playdate Forum
286,94,Playdate wiki
287,94,Discord
288,95,Reddit
289,95,Discord
290,95,Youtube
291,95,Playdate Email Newsletter*
292,96,Discord
293,97,Itch.io
294,97,Discord
295,98,Twitter
296,98,Itch.io
297,98,Discord
298,98,Reddit
299,99,Twitter
300,99,Youtube
301,99,Reddit
302,99,Discord
303,100,Discord
304,100,Twitter
305,100,Itch.io
306,101,Offical Playdate Forum
307,101,Reddit
308,101,Discord
309,102,Discord
310,103,Itch.io
311,103,Twitter
312,104,Reddit
313,105,Discord
314,105,Reddit
315,106,Reddit
316,106,Itch.io
317,107,Discord
318,107,Reddit
319,107,Offical Playdate Forum
320,107,Twitter
321,107,Itch.io
322,108,Youtube
323,108,Twitter
324,108,Discord
325,108,Reddit
326,109,Discord
327,110,Discord
328,111,Discord
329,111,Reddit
330,111,Twitter
331,112,Itch.io
332,112,Twitter
333,112,Discord
334,112,Reddit
335,113,Playdate wiki
336,113,Reddit
337,113,Discord
338,113,Twitter
339,114,Reddit
340,114,Twitter
341,114,Discord
342,115,Offical Playdate Forum
343,115,Discord
344,115,Itch.io
345,116,Itch.io
346,116,Discord
347,116,Twitter
348,116,Playdate wiki
349,116,Offical Playdate Forum
350,116,Youtube
351,117,Discord
352,117,Reddit
353,117,Itch.io
354,117,Twitter
355,118,Twitter
356,118,Discord
357,118,Reddit
358,118,Itch.io
359,119,Youtube
360,119,Twitter
361,119,Discord
362,119,Itch.io
363,120,Reddit
364,120,Discord
365,120,Itch.io
366,120,Youtube
367,120,Twitter
368,121,Itch.io
369,121,Reddit
370,122,Reddit
371,122,Offical Playdate Forum
372,123,Reddit
373,123,Discord
374,124,Discord
375,125,Discord
376,125,Twitter
377,125,Reddit
378,126,Discord
379,126,Youtube
380,126,Reddit
381,126,Twitter
382,126,Playdate wiki
383,126,Offical Playdate Forum
384,126,Itch.io
385,127,Discord
386,127,Itch.io
387,127,Reddit
388,128,Playdate wiki
389,128,Youtube
390,128,Offical Playdate Forum
391,128,Twitter
392,128,Itch.io
393,129,Discord
394,130,Reddit
395,130,Discord
396,130,Itch.io
397,131,Offical Playdate Forum
398,131,Itch.io
399,131,Discord
400,132,Discord
401,133,Twitter
402,133,Playdate Podcast*
403,134,Discord
404,134,Itch.io
405,134,Reddit
406,135,Reddit
407,135,Itch.io
408,135,Discord
409,136,Reddit
410,136,Twitter
411,136,Itch.io
412,136,Youtube
413,137,Reddit
414,137,Discord
415,137,Youtube
416,137,Twitter
417,137,Itch.io
418,138,Itch.io
419,138,Twitter
420,138,Reddit
421,139,Itch.io
422,139,Playdate wiki
423,139,Reddit
424,140,Itch.io
425,140,Twitter
426,140,Discord
427,140,Reddit
428,141,Youtube
429,141,Offical Playdate Forum
430,141,Twitch
431,141,Itch.io
432,141,Reddit
433,141,Discord
434,141,Playdate wiki
435,141,Twitter
436,142,Discord
437,143,Reddit
438,143,Twitter
439,144,Youtube
440,144,Reddit
441,144,Twitter
442,145,Twitter
443,145,Discord
444,146,Twitter
445,146,Discord
446,146,Itch.io
447,146,Reddit
448,147,Discord
449,147,Twitter
450,147,Itch.io
451,147,Offical Playdate Forum
452,148,Youtube
453,148,Twitter
454,148,Reddit
455,148,Discord
456,148,Itch.io
457,149,Twitter
458,149,Reddit
459,150,Twitch
460,150,Youtube
461,150,Twitter
462,150,Discord
463,151,Twitter
464,151,Discord
465,151,Reddit
466,152,Discord
467,152,Twitter
468,152,Reddit
469,153,Itch.io
470,153,Discord
471,154,Playdate wiki
472,154,Discord
473,154,Reddit
474,155,Offical Playdate Forum
475,155,Discord
476,155,Reddit
477,155,Youtube
478,156,Twitter
479,156,Discord
480,157,Discord
481,157,Twitter
482,158,Reddit
483,158,Offical Playdate Forum
484,158,Twitter
485,158,Itch.io
486,158,Discord
487,159,Twitter
488,159,Reddit
489,160,Youtube
490,160,Discord
491,161,Twitter
492,161,Discord
493,162,Playdate wiki
494,162,Reddit
496,164,Reddit
497,164,Discord
498,165,Discord
499,165,Reddit
500,165,Itch.io
501,165,Youtube
502,166,Twitter
503,166,Discord
504,167,Twitter
505,167,Itch.io
506,168,Twitter
507,168,Discord
508,168,Itch.io
509,168,Youtube
510,168,Reddit
511,168,Offical Playdate Forum
512,169,Reddit
513,170,Offical Playdate Forum
514,170,Reddit
515,170,Discord
516,170,Twitter
517,171,Itch.io
518,171,Twitter
519,171,Discord
520,171,Offical Playdate Forum
521,172,Playdate wiki
522,172,Twitter
523,172,Youtube
524,172,Discord
525,173,Itch.io
526,173,Youtube
527,173,Reddit
528,173,Twitter
529,174,Discord
530,174,Twitter
531,175,Twitter
532,175,Discord
533,176,Discord
534,176,Reddit
535,177,Reddit
536,177,Discord
537,178,Twitter
538,179,Offical Playdate Forum
539,179,Youtube
540,179,Twitter
541,179,Reddit
542,179,Discord
543,180,Itch.io
544,180,Offical Playdate Forum
545,180,Youtube
546,180,Twitter
547,180,Discord
548,180,Twitch
549,181,Discord
550,181,Playdate Email Newsletter*
551,182,Itch.io
552,182,Twitch
553,182,Twitter
554,182,Offical Playdate Forum
555,182,Discord
556,182,Reddit
557,182,Playdate wiki
558,182,Youtube
559,183,Reddit
560,183,Discord
561,183,Twitter
562,184,Twitter
563,184,Youtube
564,184,Itch.io
565,185,Reddit
566,186,Reddit
567,186,Twitter
568,186,Itch.io
569,186,Discord
570,187,Reddit
571,187,Youtube
572,187,Twitch
573,187,Twitter
574,188,Discord
575,188,Twitter
576,189,Discord
577,189,Playdate Email Newsletter*
578,190,Discord
579,190,Reddit
580,190,Youtube
581,190,Twitter
582,190,Itch.io
583,191,Twitter
584,191,Itch.io
585,192,Reddit
586,192,Itch.io
587,192,Twitter
588,193,Reddit
589,193,Discord
590,194,Twitter
591,194,Youtube
592,194,Discord
593,194,Itch.io
594,195,Reddit
595,195,Discord
596,195,Offical Playdate Forum
597,195,Twitter
598,195,Itch.io
599,196,Youtube
600,196,Offical Playdate Forum
601,196,Playdate wiki
602,196,Discord
603,197,Discord
604,197,Reddit
605,197,Twitter
606,198,Twitter
607,198,Itch.io
608,199,Twitter
609,199,Discord
610,199,Youtube
611,199,Reddit
612,200,Offical Playdate Forum
613,200,Discord
614,200,Twitter
615,201,Playdate wiki
616,201,Youtube
617,201,Offical Playdate Forum
618,201,Itch.io
619,201,Discord
620,201,Twitter
621,201,Reddit
622,202,Discord
623,202,Offical Playdate Forum
624,203,Twitter
625,203,Discord
626,203,Itch.io
627,203,Reddit
628,203,Youtube
629,204,Reddit
630,204,Twitter
631,204,Discord
632,205,Itch.io
633,205,Offical Playdate Forum
634,205,Reddit
635,205,Discord
636,205,Youtube
637,205,Twitter
638,205,Playdate wiki
639,206,Itch.io
640,206,Discord
641,206,Youtube
642,206,Twitter
643,207,Playdate wiki
644,207,Discord
645,207,Twitter
646,207,Offical Playdate Forum
647,208,Playdate wiki
648,208,Itch.io
649,208,Reddit
650,208,Discord
651,208,Youtube
652,208,Offical Playdate Forum
653,208,Twitter
654,209,Offical Playdate Forum
655,210,Discord
656,210,Youtube
657,211,Discord
658,211,Reddit
659,211,Itch.io
660,212,Youtube
661,212,Discord
662,212,Playdate Podcast*
663,213,Discord
664,213,Itch.io
665,213,Reddit
666,213,Twitter
667,213,Twitch
668,213,Youtube
669,213,Offical Playdate Forum
670,214,Discord
671,215,Itch.io
672,215,Discord
673,216,Discord
674,216,Reddit
675,217,Twitch
676,217,Discord
677,217,Playdate wiki
678,217,Reddit
679,217,Twitter
680,217,Youtube
681,218,Reddit
682,218,Discord
683,218,Itch.io
684,218,Youtube
685,219,Twitter
686,219,Itch.io
687,219,Offical Playdate Forum
688,219,Youtube
689,220,Twitter
690,221,Discord
691,221,Reddit
692,222,Discord
693,222,Reddit
694,222,Twitter
695,223,Discord
696,223,Twitter
697,224,Twitter
698,224,Discord
699,225,Twitter
700,225,Itch.io
701,226,Playdate wiki
702,226,Itch.io
703,226,Reddit
704,227,Youtube
705,227,Discord
706,227,Offical Playdate Forum
707,228,Offical Playdate Forum
708,228,Discord
709,228,Youtube
710,229,Itch.io
711,229,Discord
712,229,Twitter
713,229,Youtube
714,229,Reddit
715,230,Offical Playdate Forum
716,230,Reddit
717,231,Friends/Family*
718,232,Other*
719,233,Reddit
720,233,Twitter
721,234,Reddit
722,234,Twitter
723,234,Itch.io
724,234,Discord
725,234,Youtube
726,235,Twitter
727,236,Discord
728,236,Twitter
729,236,Itch.io
730,237,Twitter
731,237,Youtube
732,237,Discord
733,238,Twitter
734,238,Reddit
735,239,Offical Playdate Forum
736,239,Twitter
737,239,Reddit
738,239,Itch.io
739,240,Reddit
740,241,Reddit
741,241,Twitter
742,242,Reddit
743,242,Twitter
744,242,Itch.io
745,243,Twitter
746,243,Reddit
747,243,Discord
748,244,Reddit
749,245,Discord
750,245,Reddit
751,245,Offical Playdate Forum
752,245,Twitch
753,245,Itch.io
754,245,Youtube
755,245,Twitter
756,246,Twitter
757,246,Discord
758,246,Youtube
759,247,Discord
760,248,Discord
761,248,Twitter
762,248,Offical Playdate Forum
763,248,Itch.io
764,249,Itch.io
765,249,Discord
766,249,Offical Playdate Forum
767,249,Reddit
768,250,Discord
769,250,Reddit
770,250,Twitter
771,251,Reddit
772,251,Discord
773,252,Playdate wiki
774,252,Discord
775,252,Itch.io
776,252,Youtube
777,252,Reddit
778,253,Youtube
779,253,Reddit
780,253,Discord
781,254,Twitter
782,254,Offical Playdate Forum
783,254,Itch.io
784,254,Discord
785,255,Twitter
786,255,Offical Playdate Forum
787,255,Reddit
788,256,Discord
789,257,Discord
790,257,Reddit
791,258,Offical Playdate Forum
792,258,Playdate wiki
793,258,Discord
794,258,Reddit
795,259,Twitter
796,259,Itch.io
797,259,Twitch
798,259,Reddit
799,259,Youtube
800,259,Offical Playdate Forum
801,259,Discord
802,259,Playdate wiki
803,260,Twitter
804,260,Itch.io
805,260,Discord
806,261,Twitter
807,261,Discord
808,262,Itch.io
809,262,Playdate wiki
810,262,Discord
811,262,Offical Playdate Forum
812,262,Twitter
813,263,Discord
814,263,Reddit
815,264,Twitter
816,264,Itch.io
817,264,Reddit
818,264,Discord
819,265,Twitter
820,265,Discord
821,266,Reddit
822,266,Twitter
823,266,Discord
824,267,Twitter
825,267,Reddit
826,267,Itch.io
827,267,Youtube
828,268,Reddit
829,269,Discord
830,269,Friends/Family*
831,270,Playdate wiki
832,270,Youtube
833,270,Discord
834,271,Discord
835,271,Twitter
836,271,Twitch
837,271,Itch.io
838,271,Youtube
839,271,Playdate wiki
840,271,Offical Playdate Forum
841,271,Reddit
842,272,Reddit
843,272,Other*
844,273,Youtube
845,273,Offical Playdate Forum
846,273,Twitter
847,273,Discord
848,273,Itch.io
849,274,Discord
850,275,Reddit
851,275,Itch.io
852,275,Twitter
853,275,Discord
854,276,Itch.io
855,276,Reddit
856,277,Youtube
857,277,Discord
858,277,Reddit
859,278,Reddit
860,278,Twitter
861,278,Itch.io
862,278,Discord
863,279,Playdate wiki
864,279,Twitter
865,279,Discord
866,280,Twitter
867,280,Reddit
868,281,Reddit
869,282,Itch.io
870,282,Reddit
871,283,Discord
872,283,Twitter
873,283,Reddit
874,284,Discord
875,285,Discord
876,285,Offical Playdate Forum
877,286,Discord
878,286,Itch.io
879,286,Playdate wiki
880,286,Reddit
881,286,Twitter
882,286,Offical Playdate Forum
883,287,Itch.io
884,287,Twitter
885,287,Discord
886,287,Reddit
887,288,Reddit
888,288,Discord
889,288,Twitter
890,288,Offical Playdate Forum
891,288,Itch.io
892,289,Youtube
893,290,Reddit
894,290,Twitter
895,290,Itch.io
896,291,Discord
897,291,Twitter
898,291,Other Podcast(s)*
899,291,Other*
900,291,Other*
901,292,Discord
902,293,Reddit
903,293,Discord
904,294,Twitter
905,294,Youtube
906,295,Youtube
907,295,Reddit
908,296,Discord
909,296,Itch.io
910,296,Reddit
911,296,Offical Playdate Forum
912,297,Itch.io
913,297,Discord
914,297,Reddit
915,297,Offical Playdate Forum
916,298,Discord
917,298,Twitter
918,298,Reddit
919,299,Itch.io
920,299,Reddit
921,299,Discord
922,299,Playdate wiki
923,299,Twitter
924,299,Youtube
925,300,Itch.io
926,300,Playdate wiki
927,300,Offical Playdate Forum
928,300,Twitter
929,300,Discord
930,301,Itch.io
931,301,Reddit
932,301,Twitter
933,301,Discord
934,302,Twitter
935,303,Reddit
936,303,Discord
937,303,Offical Playdate Forum
938,304,Youtube
939,304,Reddit
940,304,Discord
941,304,Twitter
942,304,Offical Playdate Forum
943,304,Itch.io
944,304,Twitch
945,304,Playdate wiki
946,305,Discord
947,305,Reddit
948,305,Twitter
949,306,Youtube
950,306,Itch.io
951,306,Twitter
952,306,Reddit
953,307,Itch.io
954,307,Reddit
955,308,Playdate wiki
956,308,Itch.io
957,308,Discord
958,308,Twitter
959,309,Discord
960,309,Youtube
961,310,Twitter
962,310,Offical Playdate Forum
963,310,Youtube
964,310,Discord
965,311,Twitter
966,312,Discord
967,312,Twitter
968,313,Reddit
969,313,Twitter
970,313,Youtube
971,313,Discord
972,314,Reddit
973,314,Discord
974,314,Offical Playdate Forum
975,315,Reddit
976,315,Offical Playdate Forum
977,315,Itch.io
978,315,Discord
979,315,Twitter
980,316,Reddit
981,317,Itch.io
982,317,Twitter
983,317,Discord
984,317,Playdate wiki
985,317,Offical Playdate Forum
986,317,Reddit
987,318,Itch.io
988,318,Youtube
989,318,Playdate wiki
990,318,Discord
991,318,Twitter
992,318,Offical Playdate Forum
993,319,Reddit
994,319,Offical Playdate Forum
995,320,Reddit
996,320,Twitter
997,321,Discord
998,321,Twitter
999,321,Itch.io
1000,322,Offical Playdate Forum
1001,322,Reddit
1002,322,Youtube
1003,322,Playdate wiki
1004,322,Discord
1005,322,Itch.io
1006,323,Playdate wiki
1007,323,Itch.io
1008,323,Reddit
1009,323,Discord
1010,323,Youtube
1011,323,Offical Playdate Forum
1012,324,Offical Playdate Forum
1013,325,Reddit
1014,325,Twitter
1015,326,Discord
1016,326,Twitter
1017,326,Playdate Email Newsletter*
1018,327,Discord
1019,327,Twitter
1020,327,Itch.io
1021,328,Offical Playdate Forum
1022,328,Twitter
1023,328,Reddit
1024,329,Playdate wiki
1025,329,Youtube
1026,329,Itch.io
1027,329,Reddit
1028,329,Discord
1029,330,Discord
1030,330,Reddit
1031,331,Itch.io
1032,331,Discord
1033,331,Playdate wiki
1034,331,Reddit
1035,332,Itch.io
1036,332,Twitter
1037,333,Twitter
1038,333,Discord
1039,334,Twitter
1040,334,Discord
1041,335,Playdate wiki
1042,335,Discord
1043,335,Twitter
1044,335,Reddit
1045,336,Reddit
1046,336,Discord
1047,336,Youtube
1048,336,Playdate wiki
1049,336,Twitter
1050,336,Offical Playdate Forum
1051,337,Reddit
1052,337,Twitter
1053,338,Twitter
1054,338,Reddit
1055,339,Discord
1056,339,Reddit
1057,339,Playdate Email Newsletter*
1058,340,Twitter
1059,340,Youtube
1060,340,Discord
1061,341,Twitter
1062,341,Discord
1063,341,Youtube
1064,342,Offical Playdate Forum
1065,342,Reddit
1066,342,Playdate Email Newsletter*
1067,343,Discord
1068,344,Reddit
1069,344,Discord
1070,345,Playdate wiki
1071,345,Discord
1072,345,Offical Playdate Forum
1073,345,Reddit
1074,346,Offical Playdate Forum
1075,346,Youtube
1076,346,Reddit
1077,347,Twitter
1078,347,Discord
1079,347,Reddit
1080,348,Reddit
1081,348,Discord
1082,349,Itch.io
1083,349,Reddit
1084,350,Reddit
1085,350,Discord
1086,351,Twitter
1087,351,Reddit
1088,352,Discord
1089,352,Youtube
1090,352,Twitter
1091,353,Itch.io
1092,353,Twitter
1093,353,Discord
1094,354,Discord
1095,355,Itch.io
1096,355,Discord
1097,355,Twitter
1098,356,Reddit
1099,357,Twitter
1100,357,Reddit
1101,358,Reddit
1102,358,Twitter
1103,358,Itch.io
1104,358,Discord
1105,359,Reddit
1106,359,Youtube
1107,359,Twitter
1108,360,Itch.io
1109,360,Discord
1110,360,Twitter
1111,360,Youtube
1112,360,Playdate wiki
1113,360,Offical Playdate Forum
1114,360,Reddit
1115,360,Twitch
1116,361,Youtube
1117,362,Youtube
1118,362,Discord
1119,363,Youtube
1120,363,Discord
1121,363,Twitter
1122,363,Offical Playdate Forum
1123,363,Reddit
1124,364,Twitter
1125,364,Offical Playdate Forum
1126,364,Discord
1127,364,Itch.io
1128,365,Offical Playdate Forum
1129,365,Discord
1130,365,Itch.io
1131,366,Itch.io
1132,366,Offical Playdate Forum
1133,366,Discord
1134,367,Twitter
1135,367,Youtube
1136,367,Reddit
1137,367,Discord
1138,367,Itch.io
1139,368,Offical Playdate Forum
1140,368,Twitter
1141,368,Discord
1142,368,Itch.io
1143,368,Youtube
1144,369,Reddit
1145,369,Itch.io
1146,369,Twitter
1147,369,Discord
1148,370,Discord
1149,371,Playdate Email Newsletter*
1150,372,Discord
1151,372,Playdate wiki
1152,373,Discord
1153,373,Reddit
1154,374,Offical Playdate Forum
1155,374,Discord
1156,374,Twitter
1157,374,Reddit
1158,375,Youtube
1159,375,Twitter
1160,375,Discord
1161,375,Other Podcast(s)*
1162,376,Reddit
1163,376,Discord
1164,377,Reddit
1165,377,Offical Playdate Forum
1166,377,Discord
1167,377,Playdate wiki
1168,378,Youtube
1169,378,Discord
1170,378,Twitter
1171,379,Discord
1172,380,Twitter
1173,380,Itch.io
1174,380,Twitch
1175,380,Youtube
1176,380,Reddit
1177,380,Offical Playdate Forum
1178,381,Itch.io
1179,381,Reddit
1180,381,Twitter
1181,382,Twitter
1182,382,Reddit
1183,382,Offical Playdate Forum
1184,383,Youtube
1185,383,Itch.io
1186,383,Offical Playdate Forum
1187,383,Twitter
1188,383,Discord
1189,384,Offical Playdate Forum
1190,384,Discord
1191,384,Twitter
1192,385,Youtube
1193,385,Offical Playdate Forum
1194,385,Discord
1195,385,Itch.io
1196,386,Youtube
1197,386,Offical Playdate Forum
1198,386,Reddit
1199,386,Discord
1200,387,Discord
1201,387,Offical Playdate Forum
1202,387,Twitter
1203,388,Twitter
1204,388,Reddit
1205,388,Discord
1206,389,Reddit
1207,389,Twitter
1208,389,Itch.io
1209,390,Playdate wiki
1210,390,Youtube
1211,390,Reddit
1212,390,Discord
1213,391,Playdate wiki
1214,391,Reddit
1215,391,Itch.io
1216,392,Twitter
1217,392,Discord
1218,393,Discord
1219,394,Discord
1220,394,Offical Playdate Forum
1221,395,Youtube
1222,395,Twitter
1223,395,Twitch
1224,395,Playdate wiki
1225,395,Offical Playdate Forum
1226,395,Reddit
1227,395,Discord
1228,396,Youtube
1229,396,Discord
1230,396,Reddit
1231,396,Twitter
1232,396,Playdate wiki
1233,396,Itch.io
1234,396,Offical Playdate Forum
1235,397,Reddit
1236,397,Itch.io
1237,398,Twitter
1238,398,Discord
1239,399,Discord
1240,399,Twitter
1241,399,Itch.io
1242,399,Offical Playdate Forum
1243,400,Discord
1244,400,Reddit
1245,400,Itch.io
1246,400,Twitter
1247,401,Twitter
1248,401,Itch.io
1249,401,Offical Playdate Forum
1250,401,Discord
1251,402,Youtube
1252,402,Twitter
1253,403,Offical Playdate Forum
1254,403,Discord
1255,403,Twitter
1256,404,Reddit
1257,404,Twitter
1258,405,Offical Playdate Forum
1259,405,Twitch
1260,405,Reddit
1261,405,Youtube
1262,405,Twitter
1263,405,Discord
1264,406,Twitter
1265,406,Itch.io
1266,406,Offical Playdate Forum
1267,406,Reddit
1268,406,Discord
1269,407,Twitter
1270,407,Youtube
1271,407,Reddit
1272,408,Discord
1273,408,Twitter
1274,408,Offical Playdate Forum
1275,408,Itch.io
1276,408,Reddit
1277,409,Reddit
1278,410,Reddit
1279,410,Twitter
1280,410,Discord
1281,411,Twitter
1282,411,Offical Playdate Forum
1283,411,Itch.io
1284,411,Reddit
1285,411,Discord
1286,412,Itch.io
1287,412,Offical Playdate Forum
1288,412,Discord
1289,412,Youtube
1290,412,Twitter
1291,412,Playdate wiki
1292,413,Twitter
1293,413,Reddit
1294,414,Twitter
1295,414,VK Fan Page*
1296,415,Twitter
1297,415,Reddit
1298,416,Twitch
1299,416,Itch.io
1300,416,Youtube
1301,416,Twitter
1302,416,Reddit
1303,417,Twitter
1304,417,Discord
1305,417,Reddit
1306,418,Discord
1307,418,Twitter
1308,418,Itch.io
1309,418,Playdate wiki
1310,418,Reddit
1311,419,Offical Playdate Forum
1312,419,Twitter
1313,419,Youtube
1314,419,Reddit
1315,420,Discord
1316,420,Reddit
1317,420,Offical Playdate Forum
1318,420,Itch.io
1319,420,Twitter
1320,421,Reddit
1321,421,Twitter
1322,422,Reddit
1323,423,Discord
1324,424,Twitter
1325,424,Discord
1326,425,Other*
1327,426,Itch.io
1328,426,Reddit
1329,427,Twitter
1330,427,Discord
1331,427,Itch.io
1332,428,Offical Playdate Forum
1333,429,Offical Playdate Forum
1334,430,Reddit
1335,431,Youtube
1336,431,VK Fan Page*
1337,432,Reddit
1338,432,Twitter
1339,433,Twitter
1340,433,Discord
1341,433,Offical Playdate Forum
1342,434,Reddit
1343,434,Twitter
1344,434,Itch.io
1345,435,Reddit
1346,435,Twitter
1347,435,Offical Playdate Forum
1348,435,Discord
1349,436,Youtube
1350,436,Twitter
1351,436,Discord
1352,437,Youtube
1353,437,Twitter
1354,437,Itch.io
1355,437,Playdate wiki
1356,437,Discord
1357,437,Offical Playdate Forum
1358,438,Twitter
1359,438,Offical Playdate Forum
1360,439,Twitter
1361,439,Discord
1362,439,Youtube
1363,439,Offical Playdate Forum
1364,440,Twitter
1365,440,Offical Playdate Forum
1366,440,Reddit
1367,440,Discord
1368,440,Playdate wiki
1369,441,Twitter
1370,441,Reddit
1371,441,Itch.io
1372,442,Discord
1373,443,Twitter
1374,443,Itch.io
1375,444,Twitter
1376,444,Itch.io
1377,445,Playdate wiki
1378,445,Itch.io
1379,445,Reddit
1380,446,Youtube
1381,446,Twitter
1382,446,Reddit
1383,447,Offical Playdate Forum
1384,447,Itch.io
1385,447,Playdate wiki
1386,447,Discord
1387,448,Reddit
1388,448,Discord
1389,448,Offical Playdate Forum
1390,448,Youtube
1391,448,Itch.io
1392,448,Twitter
1393,449,Offical Playdate Forum
1394,449,Twitter
1395,449,Discord
1396,450,Twitter
1397,450,Discord
1398,450,Reddit
1399,451,Youtube
1400,451,Reddit
1401,452,Reddit
1402,453,Discord
1403,453,Itch.io
1404,453,Reddit
1405,453,Twitter
1406,453,Playdate wiki
1407,454,Twitter
1408,454,Itch.io
1409,454,Reddit
1410,455,Twitter
1411,456,Discord
1412,456,Itch.io
1413,456,Offical Playdate Forum
1414,456,Twitter
1415,457,Reddit
1416,458,Discord
1417,458,Itch.io
1418,458,Offical Playdate Forum
1419,459,Discord
1420,459,Twitter
1421,460,Reddit
1422,460,Twitter
1423,460,Itch.io
1424,461,Youtube
1425,461,Discord
1426,461,Twitter
1427,462,Offical Playdate Forum
1428,462,Reddit
1429,462,Itch.io
1430,462,Playdate wiki
1431,462,Discord
1432,463,Offical Playdate Forum
1433,463,Itch.io
1434,463,Discord
1435,463,Reddit
1436,464,Twitch
1437,464,Playdate wiki
1438,464,Youtube
1439,464,Discord
1440,464,Itch.io
1441,464,Reddit
1442,464,Twitter
1443,465,Itch.io
1444,465,Discord
1445,465,Reddit
1446,465,Twitter
1447,466,Youtube
1448,466,Discord
1449,466,Reddit
1450,466,Itch.io
1451,467,Twitch
1452,467,Reddit
1453,468,Reddit
1454,468,Discord
1455,469,Youtube
1456,469,Twitter
1457,469,Discord
1458,469,Reddit
1459,469,Itch.io
1460,470,Twitter
1461,470,Youtube
1462,470,Discord
1463,470,Offical Playdate Forum
1464,471,Twitter
1465,471,Youtube
1466,471,Itch.io
1467,471,Discord
1468,471,Offical Playdate Forum
1469,471,Reddit
1470,472,Twitter
1471,473,Reddit
1472,473,Youtube
1473,473,Discord
1474,474,Twitter
1475,474,Reddit
1476,475,Discord
1477,475,Twitter
1478,476,Itch.io
1479,476,Reddit
1480,476,Twitter
1481,477,Twitter
1482,477,Reddit
1483,478,Twitter
1484,478,Reddit
1485,479,Reddit
1486,479,Youtube
1487,479,Itch.io
1488,480,Twitter
1489,480,Reddit
1490,481,Youtube
1491,481,Twitter
1492,481,Discord
1493,482,Discord
1494,482,Youtube
1495,482,Twitter
1496,483,Discord
1497,483,Itch.io
1498,483,Reddit
1499,484,Reddit
1500,484,Itch.io
1501,484,Twitter
1502,484,Offical Playdate Forum
1503,484,Youtube
1504,485,Reddit
1505,485,Itch.io
1506,485,Twitter
1507,486,Youtube
1508,486,Offical Playdate Forum
1509,486,Reddit
1510,487,Reddit
1511,487,Twitter
1512,487,Itch.io
1513,488,Twitter
1514,489,Itch.io
1515,489,Reddit
1516,489,Twitter
1517,490,Offical Playdate Forum
1518,490,Itch.io
1519,490,Playdate wiki
1520,490,Twitter
1521,490,Discord
1522,490,Reddit
1523,491,Itch.io
1524,491,Youtube
1525,491,Reddit
1526,491,Twitter
1527,491,Discord
1528,492,Youtube
1529,492,Reddit
1530,492,Discord
1531,493,Reddit
1532,494,Reddit
1533,494,Twitter
1534,494,Itch.io
1535,495,Reddit
1536,495,Playdate Email Newsletter*
1537,496,Itch.io
1538,496,Twitter
1539,496,Reddit
1540,496,Discord
1541,497,Discord
1542,497,Youtube
1543,497,Itch.io
1544,497,Offical Playdate Forum
1545,498,Reddit
1546,499,Offical Playdate Forum
1547,499,Reddit
1548,499,Itch.io
1549,499,Twitter
1550,500,Twitter
1551,501,Youtube
1552,501,Twitter
1553,501,Playdate wiki
1554,501,Playdate Podcast*
1555,502,Twitter
1556,502,Resetera*
1558,504,Reddit
1559,504,Itch.io
1560,505,Discord
1561,505,Offical Playdate Forum
1562,506,Twitter
1563,507,Discord
1564,507,Reddit
1565,508,Resetera*
1566,509,Reddit
1567,509,Discord
1568,510,Offical Playdate Forum
1569,510,Twitter
1570,510,Itch.io
1571,510,Reddit
1572,511,Discord
1573,511,Twitter
1574,511,Youtube
1575,511,Reddit
1576,512,Offical Playdate Forum
1577,512,Playdate wiki
1578,512,Itch.io
1579,512,Twitter
1580,512,Discord
1581,512,Reddit
1582,513,Itch.io
1583,513,Reddit
1584,513,Discord
1585,513,Twitter
1586,514,Twitter
1587,514,Discord
1588,515,Twitter
1589,515,Discord
1590,516,Offical Playdate Forum
1591,516,Reddit
1592,516,Youtube
1593,516,Itch.io
1594,516,Youtube
1595,517,Itch.io
1596,517,Twitter
1597,518,Youtube
1598,518,Reddit
1599,518,Itch.io
1600,518,Twitter
1601,518,Discord
1602,518,Twitch
1603,519,Reddit
1604,520,Reddit
1605,520,Twitter
1606,521,Reddit
1607,521,Itch.io
1608,521,Twitter
1609,522,Reddit
1610,522,Discord
1611,522,Twitter
1612,523,Twitter
1613,523,Reddit
1614,523,Discord
1615,524,Reddit
1616,525,Youtube
1617,525,VK Fan Page*
1618,525,VK Fan Page*
1619,526,Offical Playdate Forum
1620,526,Youtube
1621,526,Discord
1622,526,Twitch
1623,526,Twitter
1624,526,Playdate wiki
1625,526,Itch.io
1626,526,Reddit
1627,527,Discord
1628,527,Youtube
1629,527,Offical Playdate Forum
1630,528,Reddit
1631,528,Twitter
1632,529,Reddit
1633,529,Discord
1634,529,Twitter
1635,530,Twitter
1636,530,Reddit
1637,530,Youtube
1638,530,Itch.io
1639,531,Offical Playdate Forum
1640,531,Twitter
1641,532,Reddit
1642,532,Discord
1643,532,Playdate Email Newsletter*
1644,533,Itch.io
1645,533,Youtube
1646,533,Reddit
1647,533,Offical Playdate Forum
1648,533,Discord
1649,534,Twitter
1650,534,Reddit
1651,534,Youtube
1652,534,Other*
1653,535,Youtube
1654,535,Reddit
1655,535,Discord
1656,536,Offical Playdate Forum
1657,536,Reddit
1658,536,Twitter
1659,536,Itch.io
1660,536,Resetera*
1661,537,Twitter
1662,538,Itch.io
1663,538,Offical Playdate Forum
1664,538,Reddit
1665,538,Twitter
1666,539,Itch.io
1667,539,Resetera*
1668,540,Twitter
1669,541,Resetera*
1670,542,Reddit
1671,543,Youtube
1672,543,Twitter
1673,543,Resetera*
1674,544,Reddit
1675,544,Playdate wiki
1676,544,Discord
1677,545,Reddit
1678,545,Discord
1679,545,Itch.io
1680,545,Offical Playdate Forum
1681,546,Discord
1682,547,Itch.io
1683,547,Twitter
1684,547,Reddit
1685,548,Reddit
1686,548,Twitter
1687,549,Twitter
1688,549,Discord
1689,549,Itch.io
1690,549,Reddit
1691,550,Reddit
1692,550,Twitter
1693,551,Twitter
1694,551,Reddit
1695,552,Discord
1696,552,Twitter
1697,552,Youtube
1698,553,Reddit
1699,554,Discord
1700,554,Playdate wiki
1701,555,Offical Playdate Forum
1702,555,Itch.io
1703,555,Discord
1704,556,Resetera*
1705,557,Discord
1706,557,Itch.io
1707,557,Reddit
1708,557,Youtube
1709,557,Playdate wiki
1710,557,Offical Playdate Forum
1711,557,Twitter
1712,558,Reddit
1713,558,Offical Playdate Forum
1714,558,Twitter
1715,558,Itch.io
1716,559,Resetera*
1717,560,Resetera*
1718,561,Discord
1719,561,Reddit
1720,562,Youtube
1721,562,Itch.io
1722,562,Offical Playdate Forum
1723,562,Discord
1724,562,Playdate wiki
1725,563,Reddit
1726,563,Itch.io
1727,563,Offical Playdate Forum
1728,564,Youtube
1729,564,Discord
1730,564,Itch.io
1731,565,Reddit
1732,565,Offical Playdate Forum
1733,566,Offical Playdate Forum
1734,566,Twitter
1735,566,Youtube
1736,566,Discord
1737,567,Twitter
1738,567,Discord
1739,568,Reddit
1740,568,Offical Playdate Forum
1741,568,Twitter
1742,568,Youtube
1743,568,Discord
1744,568,Itch.io
1745,569,Twitch
1746,569,Discord
1747,569,Youtube
1748,569,Offical Playdate Forum
1749,569,Playdate wiki
1750,570,Reddit
1751,570,Itch.io
1752,571,Twitter
1753,571,Reddit
1754,572,Reddit
1755,572,Discord
1756,573,Youtube
1757,573,Discord
1758,573,Twitter
1759,573,Reddit
1760,574,Twitter
1761,574,Itch.io
1762,574,Offical Playdate Forum
1763,575,Youtube
1764,575,Discord
1765,575,Twitter
1766,575,Reddit
1767,576,Discord
1768,576,Itch.io
1769,576,Reddit
1770,576,Offical Playdate Forum
1771,576,Youtube
1772,576,Twitter
1773,577,Twitter
1774,577,Discord
1775,577,Reddit
1776,577,Itch.io
1777,577,Offical Playdate Forum
1778,578,Twitch
1779,578,Offical Playdate Forum
1780,578,Itch.io
1781,578,Discord
1782,578,Youtube
1783,579,Reddit
1784,579,Twitter
1785,579,Playdate wiki
1786,580,Twitter
1787,580,Discord
1788,580,Itch.io
1789,581,Reddit
1790,582,Reddit
1791,583,Itch.io
1792,583,Reddit
1793,583,Youtube
1794,583,Discord
1795,584,Offical Playdate Forum
1796,584,Reddit
1797,584,Itch.io
1798,585,Reddit
1799,586,Itch.io
1800,586,Reddit
1801,586,Youtube
1802,586,Playdate wiki
1803,587,Youtube
1804,587,Twitter
1805,587,Discord
1806,588,Reddit
1807,588,Itch.io
1808,588,Twitter
1809,588,Offical Playdate Forum
1810,588,Discord
1811,589,Reddit
1812,589,Youtube
1813,590,Reddit
1814,590,Twitter
1815,590,Itch.io
1816,591,Youtube
1818,593,Twitter
1819,593,Playdate wiki
1820,593,Itch.io
1821,594,Discord
1822,594,Itch.io
1823,594,Reddit
1824,595,Discord
1825,596,Itch.io
1826,596,Reddit
1827,596,Offical Playdate Forum
1828,596,Twitter
1829,596,Discord
1830,596,Playdate wiki
1831,597,Twitter
1832,597,Reddit
1833,597,Youtube
1834,598,Itch.io
1835,598,Reddit
1836,598,Discord
1837,598,Twitter
1838,599,Discord
1839,600,Discord
1840,600,Offical Playdate Forum
1841,601,Discord
1842,601,Offical Playdate Forum
1843,601,Youtube
1844,602,Reddit
1845,602,Youtube
1846,602,Offical Playdate Forum
1847,603,Itch.io
1848,603,Reddit
1849,604,Twitter
1850,604,Youtube
1851,604,Playdate wiki
1852,604,Offical Playdate Forum
1853,604,Reddit
1854,605,Twitter
1855,605,Reddit
1856,605,Youtube
1857,606,Discord
1858,606,Youtube
1859,607,Reddit
1860,607,Twitter
1861,608,Offical Playdate Forum
1862,608,Itch.io
1863,608,Twitter
1864,608,Twitch
1865,609,Discord
1866,609,Twitter
1867,610,Reddit
1868,610,Youtube
1869,610,Itch.io
1870,610,Twitter
1871,611,Twitter
1872,611,Youtube
1873,611,Offical Playdate Forum
1874,611,Itch.io
1875,612,Youtube
1876,612,Reddit
1877,612,Twitter
1878,612,Discord
1879,612,Itch.io
1880,613,Reddit
1881,614,Twitter
1882,614,Reddit
1883,614,Itch.io
1884,615,Itch.io
1885,615,Twitter
1886,615,Reddit
1887,616,Resetera*
1888,617,Discord
1889,617,Playdate wiki
1890,617,Twitch
1891,617,Offical Playdate Forum
1892,617,Itch.io
1893,617,Youtube
1894,617,Twitter
1895,618,Twitter
1896,618,Offical Playdate Forum
1897,619,Reddit
1898,620,Twitter
1899,620,Offical Playdate Forum
1900,621,Reddit
1901,622,Reddit
1902,623,Twitter
1903,623,Reddit
1904,624,Playdate Email Newsletter*
1906,625,Twitter
1907,625,Reddit
1908,626,Twitter
1909,626,Reddit
1910,626,Itch.io
1911,627,Offical Playdate Forum
1912,627,Youtube
1913,627,Twitter
1914,628,Itch.io
1915,628,Twitter
1916,629,Itch.io
1917,629,Discord
1918,630,Twitter
1919,630,Itch.io
1920,630,Reddit
1921,630,Youtube
1922,631,Friends/Family*
1923,632,Twitter
1924,632,Discord
1925,632,Offical Playdate Forum
1926,632,Youtube
1927,633,Twitter
1928,633,Reddit
1929,634,Reddit
1930,634,Twitter
1931,634,Discord
1932,635,Reddit
1933,636,Twitter
1934,636,Reddit
1935,637,Youtube
1936,637,Reddit
1937,637,Twitter
1938,638,Reddit
1939,638,Youtube
1940,638,Twitter
1941,639,Twitter
1942,639,Reddit
1943,640,Twitter
1944,640,Reddit
1945,641,Itch.io
1946,641,Reddit
1947,641,Twitter
1948,641,Offical Playdate Forum
1949,642,Discord
1950,642,Offical Playdate Forum
1951,642,Youtube
1952,642,Itch.io
1953,643,Youtube
1954,643,Offical Playdate Forum
1955,643,Reddit
1956,644,Offical Playdate Forum
1957,644,Reddit
1958,644,Itch.io
1959,645,Youtube
1960,645,Reddit
1961,646,Reddit
1962,646,Youtube
1963,646,Discord
1964,647,Youtube
1965,647,Reddit
1966,648,Youtube
1967,649,Reddit
1968,649,Offical Playdate Forum
1969,649,Youtube
1970,649,Discord
1971,649,Itch.io
1972,650,Itch.io
1973,650,Discord
1974,650,Playdate wiki
1975,650,Twitter
1976,651,Reddit
1977,651,Discord
1978,652,Reddit
1979,652,Itch.io
1980,652,Twitter
1981,652,Youtube
1982,653,Twitter
1983,654,Itch.io
1984,654,Twitter
1985,654,Youtube
1986,654,Discord
1987,655,Playdate wiki
1988,655,Offical Playdate Forum
1989,655,Discord
1990,655,Itch.io
1991,655,Twitter
1992,656,Discord
1993,657,Itch.io
1994,657,Discord
1995,658,Reddit
1996,658,Twitter
1997,658,Youtube
1998,658,Discord
1999,659,Reddit
2000,660,Twitter
2001,660,Discord
2002,660,Youtube
2003,660,Itch.io
2004,661,Discord
2005,661,Reddit
2006,662,Reddit
2007,662,Playdate wiki
2008,662,Discord
2009,662,Itch.io
2010,662,Other*
2011,663,Twitter
2012,663,Reddit
2013,663,Discord
2014,664,Reddit
2015,665,Itch.io
2016,665,Twitter
2017,665,Reddit
2018,665,Discord
2019,666,Reddit
2020,667,Youtube
2021,667,Reddit
2022,668,Itch.io
2023,668,Offical Playdate Forum
2024,668,Playdate wiki
2025,668,Twitter
2026,669,Twitter
2027,669,Discord
2028,669,Youtube
2029,669,Playdate Email Newsletter*
2031,670,Reddit
2032,670,Twitter
2033,671,Reddit
2034,671,Twitter
2035,672,Reddit
2036,672,Itch.io
2037,672,Offical Playdate Forum
2038,672,Twitter
2039,672,Discord
2040,672,Youtube
2041,673,Discord
2042,673,Twitter
2043,673,Itch.io
2044,673,Reddit
2045,674,Twitter
2046,674,Reddit
2047,674,Offical Playdate Forum
2048,675,Offical Playdate Forum
2049,675,Itch.io
2050,675,Reddit
2051,675,Other*
2052,676,Twitter
2053,676,Reddit
2054,676,Resetera*
2055,677,Friends/Family*
2056,678,Reddit
2057,678,Twitter
2058,678,Playdate Email Newsletter*
2059,679,Twitter
2060,679,Resetera*
2061,680,Reddit
2062,681,Twitter
2063,681,Itch.io
2064,681,Twitch
2065,682,Reddit
2066,682,Youtube
2067,682,Offical Playdate Forum
2068,683,Reddit
2069,683,Twitter
2070,684,Reddit
2071,684,Twitter
2072,685,Twitter
2073,685,Reddit
2074,685,Itch.io
2075,686,Playdate wiki
2076,686,Offical Playdate Forum
2077,687,Discord
2078,687,Twitter
2079,687,Reddit
2080,687,Youtube
2081,688,Itch.io
2082,688,Twitch
2083,688,Reddit
2084,688,Discord
2085,689,Reddit
2086,690,Twitter
2087,691,Reddit
2088,692,Reddit
2089,692,Itch.io
2090,692,Youtube
2091,692,Twitter
2092,693,Twitter
2093,693,Reddit
2094,693,Offical Playdate Forum
2095,694,Reddit
2096,694,Twitter
2097,695,Reddit
2098,695,Twitter
2099,696,Reddit
2100,696,Twitter
2101,697,Reddit
2102,697,Itch.io
2103,698,Itch.io
2104,698,Reddit
2105,698,Discord
2106,699,Twitter
2107,700,Youtube
2108,700,Twitter
2109,700,Reddit
2110,701,Twitter
2111,702,Twitter
2112,702,Discord
2113,702,Offical Playdate Forum
2114,703,Twitter
2115,703,Reddit
2116,704,Twitter
2117,704,Reddit
2118,705,Reddit
2119,706,Reddit
2120,707,Reddit
2121,708,Reddit
2122,709,Itch.io
2123,709,Twitter
2124,709,Reddit
2125,710,Twitter
2126,710,Itch.io
2127,711,Youtube
2128,711,Reddit
2129,712,Reddit
2130,712,Twitter
2131,713,Discord
2132,713,Twitter
2133,713,Youtube
2134,714,Reddit
2135,715,Reddit
2136,715,Youtube
2137,716,Reddit
2138,717,Reddit
2139,718,Itch.io
2140,718,Youtube
2141,718,Reddit
2142,718,Discord
2143,718,Offical Playdate Forum
2144,718,Twitter
2145,719,Reddit
2146,719,Itch.io
2147,719,Offical Playdate Forum
2148,720,Itch.io
2149,720,Reddit
2150,720,Discord
2151,720,Twitch
2152,720,Twitter
2153,721,Twitter
2154,721,Reddit
2155,721,Itch.io
2156,722,Twitter
2157,723,Discord
2158,723,Twitter
2159,724,Itch.io
2160,724,Twitter
2161,724,Youtube
2162,725,Reddit
2163,725,Youtube
2164,725,Twitter
2165,725,Itch.io
2166,725,Resetera*
2167,726,Twitter
2168,727,Twitter
2169,727,Itch.io
2170,728,Twitter
2171,728,Itch.io
2172,729,Twitter
2173,729,Itch.io
2174,730,Reddit
2175,730,Youtube
2176,730,Twitter
2177,731,Reddit
2178,731,Twitter
2179,732,Twitter
2180,732,Itch.io
2181,732,Youtube
2182,732,Reddit
2183,733,Twitter
2184,733,Reddit
2185,733,Playdate Podcast*
2186,734,Discord
2187,734,Reddit
2188,734,Itch.io
2189,734,Youtube
2190,735,Discord
2191,735,Youtube
2192,735,Offical Playdate Forum
2193,735,Itch.io
2194,735,Reddit
2195,736,Twitter
2196,736,Youtube
2197,737,Itch.io
2198,737,Reddit
2199,737,Youtube
2200,737,Twitter
2201,737,Offical Playdate Forum
2202,738,Reddit
2203,739,Youtube
2204,739,Twitter
2205,739,Offical Playdate Forum
2206,739,Reddit
2207,739,Discord
2208,739,Itch.io
2209,740,Discord
2210,740,Reddit
2211,740,Itch.io
2212,740,Twitter
2213,741,Itch.io
2214,741,Reddit
2215,741,Twitter
2216,742,Reddit
2217,742,Playdate wiki
2218,742,Discord
2219,742,Offical Playdate Forum
2220,742,Itch.io
2221,742,Youtube
2222,742,Twitch
2223,743,Itch.io
2224,743,Twitter
2225,743,Youtube
2226,743,Offical Playdate Forum
2227,743,Discord
2228,744,Twitter
2229,744,Itch.io
2230,744,Offical Playdate Forum
2231,744,Reddit
2232,745,Twitter
2233,745,Reddit
2234,746,Itch.io
2235,746,Reddit
2236,746,Twitter
2237,747,Itch.io
2238,747,Youtube
2239,747,Twitter
2240,748,Youtube
2241,748,Twitter
2242,748,Discord
2243,749,Youtube
2244,749,Twitter
2245,749,Reddit
2246,750,Itch.io
2247,750,Reddit
2248,751,Itch.io
2249,751,Twitter
2250,751,Reddit
2251,751,Youtube
2252,751,Offical Playdate Forum
2253,752,Reddit
2254,752,Youtube
2255,752,Itch.io
2256,752,Discord
2257,753,Twitter
2258,753,Reddit
2259,754,Reddit
